Gene,Pathogenic
ganab,2
fus,2
kpna3,0
napg,0
trappc11,0
zfyve28,0
rpl32,0
bfar,0
szt2,0
sf3b3,0
ythdf2,0
polr2m,0
snrpe,0
rnf214,0
aaas,0
fitm2,0
rpl22,0
becn1,0
nt5c3b,2
camkk1,0
rock2,0
anapc7,0
ak3,0
sfxn1,0
rgs14,0
snx15,0
nudc,0
pfas,0
abcb6,2
tia1,2
samd14,2
ate1,0
srp14,0
rsph9,2
jph3,0
cdc40,0
edc4,0
stx17,0
acat2,0
elof1,0
cggbp1,0
gpsm1,0
plekhm2,0
clcn7,0
uba5,0
atg13,0
als2,0
fnbp1l,0
synj2bp,0
rbm45,0
ewsr1,0
golga4,0
ralgps2,2
osbpl10,0
vps39,0
cab39,0
arl10,0
appl2,0
ssb,0
snx16,0
anapc2,0
hsdl1,0
etfa,0
s100a6,2
tmco1,0
trmt6,0
plcl2,0
ube2g2,0
ensa,0
map2k2,0
hectd3,0
tpd52,0
arhgef10l,2
ptgr2,0
dhx9,0
slc25a46,0
atic,0
angel2,0
ttc33,0
cdk11b,0
ddx5,0
dnajc10,0
nipsnap1,0
mtus2,0
prkar2a,0
ap3b2,0
cygb,0
pdk3,0
abracl,0
hmbox1,0
gdap1l1,2
tomm34,0
tmem147,0
tagln2,2
ppme1,0
ndufaf2,0
atg12,0
slc9a3r1,0
pak6,0
st13,0
snx8,2
fbxl16,0
ctsd,0
pxn,0
itfg1,0
aarsd1,2
get4,0
dpcd,0
pnpo,0
usp10,0
vim,0
ppil1,0
slc38a1,2
rbm15b,0
reep5,0
st8sia3,0
ccdc6,0
vps33a,0
rab3ip,0
dync1li1,0
cpsf6,0
pdcd11,0
ppm1b,2
inpp5f,0
pak4,0
aldh9a1,0
eif3e,0
nmt1,0
ncdn,2
carm1,2
csnk2b,0
tmem200a,0
psmc2,0
klhl22,0
lmbrd2,0
rpl12,0
trappc10,0
rbbp4,0
exosc5,0
mrpl55,0
mocs2,0
ppib,0
acsl3,0
hp1bp3,0
dcaf8,2
snap47,0
abcf1,0
gnpda1,0
adcy6,0
psma5,0
ppp2r1a,0
cog5,0
pcbp4,0
g6pc3,0
wrnip1,0
ddost,2
nae1,0
sccpdh,0
gsk3a,0
pccb,2
cnot2,0
zdhhc8,0
pld2,0
ykt6,0
sar1b,0
wdr26,0
tmem43,0
paip2,0
uchl1,0
atp8a1,0
psmd14,0
zpr1,0
nomo1,0
gna11,0
polr2i,0
trnt1,0
abhd17a,0
tefm,0
atxn2,0
gorasp2,0
slc16a6,0
dpp3,0
ilvbl,0
lrch3,0
nfu1,0
git2,0
lamp1,0
vps13c,0
strip1,0
ptma,0
dek,0
tmx2,0
acadl,0
ostc,0
exosc1,0
eif2s2,0
ubac1,0
usp9x,0
arl13b,0
marcksl1,0
exoc1,2
fam171a2,0
vps4a,0
chuk,2
synrg,0
ift27,2
ctbs,2
spats2l,2
banf1,0
apba1,0
nudt4,0
psmb3,0
lrsam1,0
snx9,0
fis1,2
vps11,0
cbx5,0
phactr3,0
lima1,2
cops4,0
actr10,0
idh1,0
bet1,0
golga3,0
ythdf3,0
cpt2,2
wdr59,0
nme7,0
gkap1,0
cds2,0
ndufs5,2
mto1,0
eif4g1,0
tomm40,0
pacsin1,0
tbp,0
tmem245,0
lars,0
sdhd,0
wdr35,2
ranbp6,0
dhx32,0
dido1,0
csnk1e,0
thumpd1,0
gss,0
amdhd2,0
fgd6,0
gfpt1,0
crlf3,2
hnrnpl,0
top3b,1
tmem132a,0
p4htm,0
wwc1,0
rab5c,0
arl3,0
acad9,0
bub3,0
stam2,0
ccar1,0
morn4,0
gabarapl1,0
mtpap,0
ggh,2
abhd16a,0
tap1,2
egln1,0
cst3,0
atp6v1g1,0
rfng,0
edc3,0
ctbp2,2
pold1,2
glipr2,2
tpgs1,0
ssbp3,0
pi4ka,0
napb,0
cdk9,0
txndc5,0
usp12,0
arl2,0
tjp1,0
uqcrc1,0
tmem65,0
phpt1,2
coro1c,0
mtss1,0
crnkl1,0
acvr2a,0
dnaja3,0
cmas,0
stk24,0
oxa1l,0
mtmr9,0
mapt,0
ptpro,0
acbd3,0
cad,2
scaf1,0
eri3,0
sdcbp,0
cox20,0
hgsnat,0
pycr1,2
fam76a,0
ubtf,0
prep,0
cib1,2
zfp91,0
aplp1,0
trappc2l,0
fam131b,0
mrps9,0
cntn1,0
cope,0
prpf8,0
adcy9,2
atp1b1,0
crmp1,0
arhgap26,0
atp2a2,0
atp5h,0
emc4,2
elp3,0
apc,1
blmh,0
rragb,0
hnrnpm,0
ap3b1,0
ahctf1,0
golph3l,0
dnttip2,0
slc25a4,0
commd9,0
timm13,0
ndufb7,0
terf2ip,0
rab30,0
luc7l3,0
papss1,0
rbm42,2
cplx1,0
gtdc1,0
ppp1cb,0
bcas2,0
adcy3,2
plec,0
rab6b,0
hcn4,2
vwa8,0
mras,0
agpat3,0
ccnl1,0
cpsf7,0
lmf2,0
lancl2,0
ocrl,1
eif3b,0
rcn1,0
znfx1,0
cyfip2,0
sumf2,0
rbm14,0
prkcsh,0
gtf2h2,2
npc1,0
rcan1,0
lrrc8d,0
slc9a7,2
mta3,0
pdcl,0
ndel1,0
cdc73,0
prpf39,0
smu1,0
lpgat1,0
bphl,0
srr,0
atp13a3,0
scrn2,2
tmem68,0
csde1,0
ago1,2
ociad1,0
zfyve19,0
ttc19,2
pafah1b2,0
grsf1,0
stam,0
matr3,0
tmem87a,0
srpk1,0
nolc1,0
bicd1,2
atox1,0
grip1,1
galns,0
imp3,0
pex6,0
traf6,0
keap1,0
ppm1l,0
hax1,2
ptcd3,0
alkbh8,0
psma7,0
nup85,0
smc4,0
timm50,0
mettl9,0
ptpn23,0
nt5c2,0
naa20,0
cox5b,0
rraga,0
crkl,0
ttc9b,0
ift172,0
rab11fip2,2
cwc15,0
hsd17b12,0
ssr4,0
ahsa2,0
vta1,0
aox1,2
rbbp7,2
eif4a2,0
prps2,0
sec22b,0
mak16,0
dnajc7,0
tor1aip1,0
efnb1,2
arpc1a,0
ncbp1,0
ftsj3,0
micall1,0
dcun1d2,0
phf14,0
mrpl47,0
pcbp3,0
homer2,0
znrf1,0
ints9,0
higd1a,0
ift122,0
hnrnpf,0
sugt1,0
unc119b,0
impact,0
tubb4b,0
lypla1,0
polr2b,0
sympk,0
cstb,0
ddx46,0
pkp4,0
slc4a8,0
phka1,2
exosc7,0
hmox2,0
ankrd28,0
arl6,0
slc30a1,0
rpap3,0
thoc6,2
dlst,0
rdh14,0
ift140,0
wdr41,0
mlec,2
ddx39b,0
tmem165,0
coasy,0
trappc4,0
oxr1,0
eif2b2,0
cuedc2,0
got2,0
asph,0
tmem11,0
phactr1,2
lgals1,2
mms19,0
naa30,0
osbpl1a,0
srp19,0
adcy1,0
amz2,0
tmem50b,0
prrc2a,2
kcnt1,1
sh2d5,0
cttn,0
klhl3,0
casp3,0
cul2,0
gatc,0
ppp2r2a,0
top2a,0
hspa4l,0
copa,0
dnmt1,0
arl8a,0
tle1,0
map2k7,0
tbrg4,0
ssh2,0
scrib,0
ndufa6,0
thumpd3,0
wasf3,0
ube2d1,0
sf3b1,0
slc25a3,0
eef2,0
actr6,0
nsmaf,0
mpdu1,0
sirt5,0
vps52,0
pmpca,0
basp1,0
luzp1,0
ebna1bp2,0
rrm1,0
rhbdd2,0
ptbp2,0
ptn,2
slc35a2,0
sptlc2,0
camkv,0
b2m,0
champ1,0
tex10,0
hdhd2,0
snx4,0
ufsp2,0
capn5,0
fdxr,2
stk38,0
fam89b,2
zbtb7a,0
plcb3,0
prpf40a,0
dnajc5,0
nrp1,0
srsf7,0
anxa4,2
vangl2,0
pde12,0
lamp2,0
pura,0
ube2j1,0
hypk,0
ndufa4,0
erlin2,0
sirt1,0
brd2,0
pik3c3,0
n4bp1,0
rras2,0
uqcrb,0
arfip2,0
ppt2,0
dnajc16,0
wasl,0
prkra,0
rnf126,0
s100a1,0
cct7,2
itsn2,0
rexo2,0
pip4k2b,0
spcs1,0
fundc1,0
aif1l,0
larp4b,0
morf4l2,0
ctif,0
actl6b,0
tubgcp2,0
clptm1l,0
hadh,0
wdr48,0
ubr2,0
gnaq,0
uba1,0
gng10,0
nop58,0
psmd3,0
gatad2a,0
mif,0
taldo1,0
psma1,0
vrk1,0
frmd4a,2
cul4b,0
tomm22,0
eif6,0
hsp90aa1,0
rab12,0
gmpr2,0
myl12b,0
hspd1,0
tprkb,0
hexb,0
ccdc102a,2
gnl3l,0
cc2d1a,1
slco3a1,0
eif2s3x,0
eif4a1,0
glrx5,0
nova1,0
numbl,0
dhx15,2
arpc5l,0
plekhf2,0
pcyt2,0
plcg1,0
tbca,0
dnajb6,0
ttc9c,0
igbp1,0
gfm1,0
megf10,0
thoc7,0
dctn1,0
tesc,2
trim47,2
rdh11,0
dnajb12,0
mettl16,0
med21,0
prdx3,0
tmem214,0
morc2a,0
clcn6,0
zwint,0
hectd1,2
anp32a,0
eif2ak4,2
cth,2
cops6,0
vars,0
prdx6,0
nme3,2
actr8,0
slc22a23,0
jph1,2
pmm2,0
chchd2,0
dhrs7,0
trim9,0
rab31,0
slc25a51,0
hnrnpll,0
plxnc1,0
smg9,0
tcf25,0
lactb2,0
farsb,0
por,2
eny2,0
avl9,0
celsr3,0
mtch2,0
atp1a1,0
tfip11,0
reep2,0
chmp2a,0
sik2,2
atp1b3,0
leo1,0
raly,0
polb,0
wdr75,0
mrps28,0
pwp2,0
kxd1,2
trim23,2
nrip1,0
lrrc59,0
nudcd1,0
b3gat3,0
cnih2,0
rabl2,0
mical3,0
prkar1b,0
rpl19,2
tbcc,0
qars,0
vat1,0
fmnl2,0
sfxn3,0
ndufa13,0
mrpl16,0
scamp1,0
aspscr1,0
marcks,0
derl2,2
ntng2,0
rfx3,0
babam1,0
emc8,0
rtn4,0
ttc17,0
ubr3,0
enoph1,0
sfr1,0
arrb2,2
acadm,0
ppp3cb,0
pdlim2,0
fam20b,0
thrap3,2
decr2,0
snrk,0
cux1,2
magt1,0
capns1,2
dnajc2,2
tubgcp6,0
psmd13,0
ascc3,0
cmpk1,0
mrfap1,0
nek1,0
idh2,2
mthfd1,0
cdk7,0
galnt1,0
pitpna,0
thop1,0
ikbip,0
ppp2r5a,0
tuba1a,0
arpc2,0
arrb1,0
scg2,0
flna,2
tbc1d15,0
aldoa,2
gsto1,0
polr3c,0
ubxn2b,0
lims1,0
dcaf7,0
clasp2,0
nsmf,0
lsm14b,0
gab2,2
vapb,0
bcl2l1,0
fndc3a,0
sorbs1,0
acin1,0
apmap,0
lclat1,0
maea,0
smarcc1,0
txn2,0
sarnp,0
glcci1,0
prps1,0
mark3,0
bag5,0
scg5,0
arfrp1,2
naf1,0
gemin5,0
ppp2cb,0
sacs,2
ptprs,0
slc30a9,0
fbxw11,0
rps24,0
poldip2,0
tcea1,0
exoc4,2
ap5b1,2
cstf2t,0
nr2c2ap,2
dcp2,0
atp6v0a2,0
psma3,0
capza2,0
haghl,0
pam,0
crtc1,0
acox1,0
ubxn6,0
zfr,0
ogfod1,0
mrps23,2
med30,2
psmc6,0
abi2,0
sobp,0
nek9,0
fbxl2,0
ptdss1,0
cog1,2
lsm12,0
atp1a3,0
mrps31,0
ccdc136,2
stip1,0
plp2,2
soat1,0
pik3cb,0
ythdc1,0
fkbp4,0
mdga1,0
mapk7,0
dab2ip,0
slc8a1,2
tmem38a,0
rps25,0
pin1,0
lonp2,2
wdr1,0
ppa1,0
osbpl9,0
sec24a,0
rilpl1,0
coq9,0
rars,0
gnb1,2
rundc3b,0
rabep2,2
metap1,0
myh10,0
csdc2,0
atp6v1a,0
pdhx,0
pcmt1,0
arhgap1,0
dennd1a,0
atg4b,0
pipox,2
sdhc,0
polr2g,0
slc25a11,0
anxa5,0
thoc2,0
dbi,0
zc2hc1a,0
hadha,0
entpd5,0
ublcp1,0
ctnna1,0
glod4,2
ndufa2,0
tmcc1,2
rcc2,0
pja2,0
sec13,0
zfyve26,0
fkbp1a,0
cdc16,0
slc12a2,0
acap2,0
plbd2,0
ccnl2,0
tpd52l2,0
pfdn1,0
gatad2b,2
med4,0
sos1,0
txnl1,0
hdlbp,0
ist1,0
rragd,0
agfg1,0
ndufv2,0
elmo1,0
tarsl2,0
clptm1,0
tbc1d23,0
map1lc3a,0
cog7,2
khsrp,0
stag2,0
pdha1,0
ppp1r10,0
cox15,0
pnn,0
ezr,0
zc3h15,0
clvs1,0
ndufaf7,0
ppm1g,0
llgl1,0
psmd2,0
wdr77,0
aco1,0
mttp,2
fgf12,0
fam98a,0
tfcp2,0
synm,0
syt17,1
spg11,0
acot8,2
stx6,0
zfyve1,0
ndufa12,0
xrn1,0
tango2,2
ube2d3,0
igsf8,0
rcn2,0
bmp2k,0
camsap3,2
psen1,0
ablim2,2
phb,0
mrps5,0
dnajc3,0
p4ha1,0
s100a4,2
dzank1,0
fbxo22,0
arl15,0
pbrm1,0
irgm1,0
tsc22d1,0
cisd2,0
bace1,0
kdm2a,0
ccdc61,0
rbbp6,0
ahsa1,0
hspa2,0
gga2,0
ckmt1,0
src,0
ppp1r21,0
erlin1,0
spg7,2
mrpl24,0
nup50,0
bag2,0
rrp1,0
mpp2,0
atp6v1f,0
minpp1,0
pick1,0
ckap2,2
cacnb1,0
rad21,0
mbnl2,2
akap8,0
plxnb2,0
gstz1,0
sugp1,0
galk2,0
etnk1,0
sumo3,0
slc25a5,0
mre11a,0
exoc7,2
pkn1,0
tstd3,0
zdhhc17,0
cdk5,2
dnajb4,0
gm2a,0
cdc5l,0
gpatch8,0
hibch,0
osbpl2,0
rrs1,0
ina,0
rasa3,0
tsnax,0
gtf3c6,0
naa40,0
mrps25,0
cep97,0
snx3,0
rogdi,0
mtif2,2
gnaz,0
arpc5,2
lamb2,0
nup37,2
mta1,0
eif4h,0
gga1,0
pofut1,0
naga,0
polr2e,0
adrm1,0
abcd1,0
uqcrc2,0
them4,0
nmt2,0
snx2,0
meaf6,0
prpf38b,0
fscn1,0
irak4,2
sybu,0
smyd2,0
gna13,0
atp13a1,0
purb,0
tmem30a,0
dnajb2,0
ipo7,0
sel1l,0
gale,2
kif5a,0
impdh1,0
lrp1,2
enah,0
alyref,0
phb2,0
cars,0
arpc4,0
spryd7,0
cul4a,0
rps18,0
mark2,0
ddx47,0
mrpl27,0
mapk8ip3,2
cenpe,2
rps16,0
coa3,0
stx12,0
slc7a5,0
katnb1,0
cbx1,0
atp6v1e1,0
fubp1,0
cdc37l1,0
nt5dc3,0
cops7a,0
tpm3,0
dpy30,0
pmvk,0
chid1,0
smcr8,0
garnl3,0
zmym4,0
atp5j2,0
slc6a6,0
smug1,0
klc1,0
arpp19,0
cacul1,0
fam3c,0
fam98b,0
arl1,0
clk3,0
ak1,2
fuca2,0
cnpy3,0
lpcat1,0
ints4,0
drg2,0
map4k5,0
fxr2,0
ppp1r14c,0
npm3,2
rab3gap1,0
cops7b,0
glce,0
srsf5,0
eif3k,0
sin3a,0
rae1,0
mfn1,0
map3k7,0
iars2,0
mrpl3,0
prpf3,0
rsl1d1,0
ermp1,0
sbds,0
lgalsl,0
ergic3,0
tmed5,2
naa25,0
arf2,0
hscb,0
dym,0
ctnnbl1,2
hat1,0
dbn1,0
coro7,2
lrp8,2
itch,0
pfdn5,0
sgta,0
atp9a,0
snrpd1,0
lrch2,0
pgs1,0
cacnb3,0
auts2,1
rab5a,0
lsamp,0
gdi2,0
hdac1,0
fkbp9,0
ccdc127,2
nr2f1,1
ubxn1,0
rheb,0
ppia,0
nxf1,0
cask,0
crb2,2
psmc5,0
cd81,0
zmpste24,2
znrf2,0
qtrt1,0
farp2,0
rptor,0
sqle,0
prdx2,0
med22,0
pik3r1,0
dmwd,2
zhx3,0
scfd1,0
cand2,0
lemd3,0
mrpl28,0
aip,0
atl3,0
rab8a,0
acy1,1
cct2,0
tars,0
rbm27,1
mrpl15,0
ddx1,0
dvl3,1
rabl6,0
dhps,0
ccdc92,0
plxnd1,0
mrps22,0
rnf7,0
arap1,2
idh3g,0
gnl1,0
icam5,0
ptpn6,2
mrpl45,0
aimp1,2
atg2a,0
fcho2,0
gdap1,0
tbc1d24,0
mrpl41,0
irgq,0
pip5k1a,0
dbt,0
ccdc134,0
cstf3,0
phf6,0
ergic1,0
stard10,0
aldh3a2,2
smpd1,0
spg21,0
trappc12,0
rcn3,2
far1,0
tspan3,0
adam10,2
ldb1,0
lrrc49,2
ube2z,0
prmt7,0
mapk8,0
kcnn3,0
rap2a,0
kctd3,0
arih2,2
ints10,0
camk2d,2
hs2st1,0
sacm1l,0
clstn1,0
mrps27,0
arhgdia,0
msmo1,0
pepd,0
snapin,0
pltp,2
ddt,0
rps6kb2,2
arfgap1,0
rwdd1,0
rab8b,0
cyth1,2
rbmx,0
vcl,0
mpi,0
galnt16,0
tubb3,0
scamp3,2
golga2,0
triap1,2
zc3h13,2
tmod3,0
fdps,2
kif3a,2
tmem135,0
sh3gl1,0
agps,0
scrn3,2
casp7,2
snx13,2
eif3i,0
chmp3,0
ralgapa1,0
slc25a20,0
kdm4b,1
scyl1,0
ndufaf1,2
ehbp1,0
lss,0
cd9,2
emc2,0
psmb7,0
ift52,0
abr,0
lamtor1,0
ephb3,0
myg1,2
cox6b1,0
cdc42bpa,0
htt,0
hap1,2
commd7,0
cntfr,0
necap2,0
ankrd52,0
hspe1,0
ckap4,0
brd4,2
vps8,2
cc2d1b,0
pttg1ip,0
faf1,0
atp2b1,0
pcid2,0
lman1,0
hsd17b10,0
arpc3,2
ndufa10,0
ppp3ca,2
grpel1,0
ncor2,2
map6,0
ndufb5,0
kctd1,0
kif13a,0
gtpbp4,0
cnpy4,0
nudt17,0
park7,0
ankib1,0
strn3,0
ppp2r2b,0
cog2,0
nup210,0
man2c1,2
tra2b,0
myl6b,0
ccdc115,0
rbx1,0
srprb,0
lama5,2
tppp,0
arf4,0
kctd5,0
zdhhc2,0
casp8ap2,0
akap5,0
stt3b,0
psmf1,0
ckb,0
afg3l2,0
rab3d,0
ubqln1,0
grk6,0
mycbp2,0
atp6v1d,0
tm9sf4,0
ptcd2,0
ccdc124,0
cdk17,0
fkbp15,0
ncapd2,0
cog4,2
fgd4,0
cd2ap,0
trappc1,2
gspt1,0
tmpo,0
cacfd1,0
nagk,0
rcbtb2,2
glb1,0
lyrm2,0
cisd1,0
riok3,0
hnrnpul2,0
eapp,0
nudt5,0
tacc1,0
ubr4,0
ap3s2,0
tapt1,0
psmd4,0
mios,0
srf,0
serinc5,0
syngr3,0
adam22,2
ilkap,0
exd2,0
nsun6,2
naca,0
ndrg4,0
ppp1r12c,0
gripap1,2
mef2d,2
ptprm,0
exosc2,0
ptprn2,2
asphd2,0
nemf,0
tanc1,0
chchd3,0
usp34,0
pomgnt2,0
lsm3,0
creld1,0
hmgb2,0
gpd1l,0
dpysl5,0
sigmar1,0
ttc4,0
lrrc8a,2
glrx3,0
pgrmc2,0
rrbp1,0
comt,0
msra,0
pdzd11,0
ppp1r12b,0
itga3,0
fdft1,0
bag4,0
hsdl2,2
siae,0
lingo1,2
ttl,0
aprt,0
chn1,0
pgp,0
rab2b,0
atl2,0
ankrd46,0
plekha6,2
ankrd54,0
alg1,2
map1b,0
eif4a3,0
spire1,0
commd4,0
ctdp1,0
mpc1,0
mknk1,0
ank3,1
tmeff2,0
ryr2,2
ssrp1,0
cirbp,0
rab22a,0
tdg,2
wdr13,0
srek1,0
ddx17,0
mettl3,0
fgfr1op2,0
idh3a,0
ndufb11,0
prpsap1,0
lpcat4,0
ube2i,0
rfc4,0
rps27l,2
sfpq,0
eci2,0
usp46,0
mast3,0
fads2,0
hdgf,0
fkbp8,0
cntrob,0
celsr2,0
cherp,0
coa6,0
tgm2,2
ndufb8,0
nabp2,0
nudt3,0
sart1,0
ddi2,0
ttyh3,0
sipa1l2,0
ggt7,0
aimp2,0
gle1,0
mtmr2,0
hebp1,0
usp30,0
rbm26,2
chmp5,0
echdc1,2
hspa4,2
atxn2l,0
fam172a,0
nsun4,0
rdx,0
aup1,0
smpd3,0
ap1s1,0
plrg1,0
ubxn4,0
vbp1,0
magi3,0
smarce1,0
asf1a,2
spag9,2
aldh2,0
cacna2d2,2
cnot10,0
tsen34,0
u2af2,0
dis3l2,2
ssu72,0
frg1,0
uck1,0
rps20,0
gdpgp1,0
edrf1,2
nsdhl,2
msl1,2
ctr9,0
rapgef5,0
rnf40,0
wdtc1,0
sestd1,0
parp1,0
akap8l,0
mapre2,0
sub1,0
d6wsu163e,0
stxbp4,0
dzip3,0
ddrgk1,0
ilk,0
nif3l1,0
ncs1,0
tmx4,0
cpt1a,0
agpat1,0
pck2,0
rab14,0
ube2b,0
eno3,0
gprin1,0
sumo1,0
azi2,0
fmo1,0
nfyb,0
parp14,2
pdxdc1,0
sv2a,0
dhrs1,0
oplah,0
zzef1,0
rab34,0
pycr2,0
ppil2,2
ndufs7,0
ssbp2,0
taco1,0
nedd4,0
fxr1,0
bcan,0
mboat7,0
b9d1,0
prpf6,0
nat10,0
fermt2,0
acsl6,0
parl,0
fam136a,0
samm50,0
rnpep,0
mlf2,0
ipo11,0
slc3a2,0
psat1,0
tm9sf2,2
prkci,0
fip1l1,0
ccs,0
ksr1,0
map1a,0
twf1,0
nsg2,0
rmdn1,0
plxna1,0
edil3,0
wwp2,0
commd6,0
clns1a,0
tom1l2,0
wdsub1,0
fbxo2,0
ccdc22,2
ubac2,0
ambra1,2
dock7,0
vps16,0
tbk1,0
nfib,2
ric3,0
eml4,2
psma6,0
snrnp40,0
ppm1e,0
abhd12,0
gga3,0
cdc37,2
ehmt1,1
adi1,0
faim,0
trappc9,0
mdp1,0
os9,0
limch1,0
exosc8,0
soga1,0
cuta,2
tfe3,0
ddx19a,0
rps21,0
cdc42,0
ift46,2
abhd17b,0
palm,0
prim1,0
psmb5,0
clpb,2
stau1,0
mapk1ip1l,0
ahcyl1,0
yipf5,2
cdk10,0
csnk2a2,0
hint3,0
rhot2,2
hdhd3,0
snx6,0
stat1,0
pter,0
map4k4,0
cpne1,0
anp32b,0
ndufa8,0
rtn1,0
smap1,0
rpl23,0
slc25a36,2
ap2m1,0
dnajc6,2
diras2,0
dctpp1,0
dnm2,2
mrpl30,0
uggt1,0
rpn2,0
mrpl39,0
ppt1,0
shprh,0
mon1b,0
wdr19,0
brap,0
trim67,0
elp2,0
pld3,0
smg7,0
ccdc9,0
cdc123,0
smg5,0
emc7,0
arf1,0
eif2a,0
paxbp1,0
actr3b,2
slc8a2,0
rc3h1,0
dtd1,0
fbxo3,0
sulf2,0
wdr37,0
macrod1,0
tkt,0
vps51,0
esyt2,0
ap2a1,0
scg3,0
zc3h4,0
ehd3,0
wdr18,2
dhcr24,0
flnb,0
nceh1,0
agfg2,0
rpl11,0
alg2,0
senp7,0
ccdc43,0
stat3,0
bsdc1,0
zmat2,0
ubqln4,0
snf8,0
asic1,0
ralgapa2,2
grcc10,0
tmx3,0
mrps2,0
pex14,0
cbl,2
klhdc10,0
sh3glb1,0
med1,2
cdh2,0
frmd8,0
pde4dip,0
ddah2,2
gnao1,0
clpp,0
them6,0
rragc,0
son,0
reps1,2
wasf1,0
kras,0
uchl5,0
cog3,0
cpd,0
cdk1,2
ube2r2,0
ppig,0
bcap29,2
add3,0
ppp1r7,0
m6pr,0
ppp1r14b,0
rgl1,0
shroom3,2
pbxip1,0
alg11,0
isoc2a,2
tiprl,0
ttbk1,0
vps26b,0
rab18,0
preb,2
endod1,0
prkar2b,0
tmed9,0
strap,0
gmps,0
mrps17,0
nckipsd,0
cog8,0
kcnh3,2
tmem127,0
dhx57,0
rps10,0
ndrg3,0
tbc1d32,0
ap2s1,0
ints8,0
sult4a1,0
arih1,0
dmxl2,1
pnpla6,0
arpc1b,0
fsd1l,0
tnks1bp1,0
eif3c,2
gnb5,0
pmpcb,0
ppp1r13b,0
copz2,0
atp6v0a1,0
hk1,2
ivd,0
timm44,0
exosc9,0
kcmf1,0
mrps26,0
hdac11,0
atxn7l3b,0
rela,0
saal1,0
rpl30,2
xrn2,0
cbx3,0
gadd45gip1,0
pgm1,0
vps36,0
specc1l,2
huwe1,1
snrpb2,0
g3bp2,0
wdr91,2
pdlim5,0
sart3,0
snx5,0
myo1c,2
acyp2,0
faah,0
nop56,0
mrpl57,0
arl6ip1,0
inpp5k,0
rab13,0
fbxo21,0
rcor1,0
ap2a2,0
hmgcl,2
mt3,0
rpl35,0
dscaml1,0
slc25a25,0
igsf3,0
tulp3,0
uprt,0
gtf2f2,0
sord,0
ogfr,0
ipo5,0
vps37c,0
adcyap1r1,2
cse1l,0
cnot6l,2
phgdh,2
cbr3,0
fbxo45,0
nck1,0
rnf20,0
ado,0
actl6a,0
nkiras2,0
nudcd2,2
slc25a19,0
ripk1,0
katnal1,0
arhgap23,0
gnai2,0
bri3bp,0
trim2,2
srrm1,0
rtf1,0
sike1,0
acot11,2
rala,0
dgkq,0
nudcd3,0
qdpr,0
tamm41,0
idi1,0
chmp7,0
srsf4,0
gsr,0
oxct1,0
ogfrl1,0
smc1a,0
gorasp1,0
p4hb,0
chn2,0
trafd1,2
dnpep,0
prkce,0
pecr,1
myo6,0
rpl10a,0
hars,0
nisch,0
isg20l2,0
ebpl,0
dlgap1,1
bax,0
ahcyl2,0
psmd11,0
klhl26,0
cul5,0
pigk,0
lsm1,0
tcerg1,0
evl,0
stx7,0
ubap2,2
fmr1,2
med23,2
fkbp2,0
spon1,2
vipas39,2
rpn1,0
glrx2,0
slc7a14,0
pef1,0
ppp1r8,2
stx8,0
snap29,0
nosip,0
kpna2,2
tfam,0
uvssa,0
gba2,0
rab3c,0
tmx1,0
gdap2,2
rgs12,2
wdr7,0
pip4k2a,0
cdk4,2
lgmn,0
herc4,0
cog6,0
lamtor5,0
yars2,0
ccdc90b,0
stambp,0
cmc2,0
fbxw8,0
gtf2f1,2
fbxo42,0
atp5b,0
actr1a,0
cstf2,0
gpt2,0
rnf123,0
dhx29,0
yme1l1,0
ranbp9,0
bop1,0
dnaja1,0
cd151,0
isyna1,0
ppp2r5b,0
dynll2,0
ahcy,2
larp7,0
tmod2,0
abce1,0
srsf10,0
serinc1,0
agk,0
necab2,2
tbc1d4,2
gnpda2,0
iws1,0
tpm4,0
cct8,0
dctn4,0
tomm5,0
naa35,0
tollip,0
nme1,0
pnkd,0
gtf3c5,0
arfgap2,0
rab23,0
erc1,2
uqcrq,0
rpl3,0
pcbd2,0
tm7sf3,0
ube4a,0
nacad,0
vps37a,0
spcs2,0
smg1,2
bnip3,0
serbp1,0
pih1d1,2
akap10,0
plcd1,1
npc2,0
slc2a3,0
ctc1,0
tjap1,0
csnk2a1,0
gprasp1,0
sdha,2
pdcd10,0
tnpo3,0
vhl,0
ndufs8,0
acad10,2
mecr,0
nln,0
ccar2,0
sgtb,0
ruvbl2,0
api5,2
traf2,0
mpdz,0
arl8b,0
ranbp1,0
ptgr1,2
xpo5,0
trim3,2
flrt3,0
akt2,0
rpl35a,0
commd1,0
tdrkh,0
dctn2,0
add1,0
zyx,0
stmn2,0
lmf1,0
supv3l1,2
fez1,0
gnl2,0
rhob,0
atp6v0d1,0
sirt2,0
ppp2ca,0
rsu1,0
lzts1,0
nacc2,0
mpp3,0
pdcd6ip,2
snx32,0
ldha,2
txndc15,0
poglut1,0
thoc3,0
itsn1,0
slc25a29,2
ubr1,0
mob4,0
set,0
abl2,0
cnn2,2
hmgn3,0
stx16,0
cpeb2,0
usp22,0
ranbp3,0
dffa,0
ppp2r5c,0
gtf2a1,0
hibadh,0
map7,0
ctsl,0
ppp4r2,0
rhoa,0
hsp90b1,0
atp6v1h,2
mcee,0
pald1,2
irf2bp2,0
pip4k2c,0
lrfn4,2
ncan,0
dvl2,0
zyg11b,0
tufm,0
ift81,0
rprd2,0
ints5,0
rab3a,0
pygb,0
trim24,0
gpam,0
fam219a,0
fbl,0
sf3a1,0
usp8,0
csrp1,0
fkbp3,0
celf3,0
ttc12,2
aktip,0
zfpl1,2
sh2b1,0
gng5,0
atg9a,0
usp54,0
ric8b,0
dmap1,0
rangap1,0
rabgef1,0
ss18l1,0
shmt1,2
sgip1,2
lman2,0
canx,2
arglu1,0
timm17a,0
lyar,0
rpl22l1,0
mrpl9,0
jup,0
gdi1,0
wwox,0
nenf,0
stard7,0
gnai3,0
paf1,0
cox7a2,0
zw10,2
sephs2,0
ptk7,1
brinp2,0
ddr1,0
cetn2,0
nfasc,0
asrgl1,0
gldc,2
pdcd6,0
shc3,0
edf1,0
wipi1,0
macf1,0
gclc,0
brk1,0
prkca,0
gria2,0
nup98,0
kcna4,0
rufy2,0
u2surp,0
mb21d2,0
rbm10,0
cct5,0
abhd13,0
csnk1a1,0
upf1,0
exosc4,0
kif1b,0
cdk5rap3,2
scap,2
pes1,2
fuca1,0
inppl1,0
ndc1,0
itpr2,2
lrrc40,0
peg10,2
hook1,0
psmb6,0
hdac2,0
larp4,0
slmap,0
micu1,0
taf10,0
usp11,0
mapkbp1,0
xkr4,0
cryz,2
calcoco1,0
smc3,0
ppp1r9b,2
mrps34,0
phlda3,0
sh3bp1,2
nop16,0
pdcd5,0
gtf3c4,0
sarm1,2
flot1,0
abhd17c,0
nes,0
ccny,0
bag1,0
stim2,2
tln1,0
tagln3,0
slc25a15,0
samhd1,0
plaa,0
ndufb6,0
pls3,0
bola1,2
map9,0
rnmt,0
wdr12,0
mrpl37,0
mff,0
cd47,0
pla2g15,2
rpl36a,0
tspan14,0
gpcpd1,0
mrpl1,0
tmem109,0
actb,0
slc20a2,0
chmp4b,0
eif3m,0
tnpo1,0
slit1,2
rims2,0
ralb,0
ube2k,2
srsf6,0
foxk1,0
cbfb,0
pdxk,0
epdr1,0
ppil4,0
tial1,0
sms,0
ncapd3,0
msi1,0
cox5a,0
mvb12b,0
snx27,2
cd2bp2,0
xylb,0
psma4,0
sparc,0
myef2,2
fbxo10,0
eif3d,0
mrpl21,0
dnajc11,0
eif2d,0
ulk3,0
dnajc24,0
pfdn2,0
acsl4,0
pcca,0
ntmt1,0
vps45,0
gne,2
mrto4,2
syne2,0
myh9,0
arsa,0
vat1l,0
camk1d,0
ywhaz,0
twf2,0
srp68,0
ndufb3,0
gtpbp1,0
ube2q1,2
tbc1d10a,2
arhgef7,2
neurl4,0
sh3pxd2b,0
psph,0
atcay,0
golga5,0
ckap5,0
romo1,0
prpf40b,0
prpsap2,0
auh,0
scarb2,0
lzic,0
ddx42,0
epm2aip1,0
dstn,0
hid1,0
nedd8,0
iscu,0
rassf2,0
arl6ip5,0
sorbs2,0
tada3,2
trappc13,0
ybx3,0
sh2d3c,0
rps17,0
sra1,0
hs1bp3,0
cnpy2,0
stmn1,0
ppfibp1,0
ctso,0
ndufa7,0
tmem19,0
cnnm4,0
pdpr,2
rap2c,0
extl2,0
wdr33,0
atg7,1
gapdh,0
glud1,0
pex19,0
pgam5,0
trmt1l,2
larp1,0
pfn2,0
cnbp,0
bloc1s1,0
nav3,0
ciapin1,0
ddx52,0
ccdc28b,2
nipsnap3b,2
mtpn,0
mapk10,0
tbpl1,0
arl2bp,0
pdzd8,0
tmem120a,2
prkar1a,0
pde10a,2
tax1bp1,0
rpa3,0
pdia6,0
rtn4ip1,0
mrpl40,0
camk1,0
rps6kc1,2
med20,0
magi1,2
lman2l,0
got1,0
pgm2,0
ube2c,2
jagn1,0
pi4k2a,0
gmppa,0
s100a10,0
igdcc4,0
lta4h,0
nploc4,0
wwc2,0
nmral1,0
nek6,2
rpl37,0
tmem97,2
ppid,0
dhrs13,2
raver1,0
c2cd3,2
rap1b,0
hgs,0
ablim1,0
prrt3,2
exosc3,0
acot2,2
pdap1,0
map4,0
naa10,0
sdhb,0
gemin2,0
dnajb1,0
rab21,0
plgrkt,0
farsa,2
rhoq,0
abcd3,0
tatdn1,0
fam117b,0
copb2,0
rabggta,0
pcsk1n,0
fads3,0
nkrf,0
gart,0
mrpl17,0
ubap1,0
ggct,0
tbce,0
tbc1d17,0
sec11a,0
capzb,0
eif2b4,0
tor1a,0
cox4i1,0
elp5,0
mark4,0
ctnnd1,0
sipa1l1,2
usp5,0
slc7a11,0
lrig1,0
arfgap3,0
rab6a,0
cxxc1,0
wipi2,2
commd3,0
mvd,0
ralgps1,0
ddhd1,0
tmem126b,0
gmfb,0
txnrd3,2
hnrnpk,0
htatsf1,0
ech1,0
zbtb18,0
ipo4,2
cyp20a1,0
snta1,0
ccdc40,2
fbxo25,0
hnrnph1,0
kif21b,0
ddx50,0
ireb2,0
rab5b,0
prdx1,0
map3k5,0
tbc1d10b,0
cpne2,2
fut8,0
nrxn1,1
cyth2,0
atp5o,0
mrpl38,0
hnrnpa1,0
itpa,0
eftud2,0
txlna,0
tspyl4,0
mrpl11,0
chga,0
cops5,0
copb1,0
ndufaf5,0
plod1,0
eif4enif1,2
acsl5,0
numa1,0
trp53i11,0
lyrm4,0
hsd17b7,0
sec23ip,0
mrpl22,0
mrps18a,2
surf1,0
acad11,0
rnf34,0
map7d2,0
cyc1,0
eci1,0
rgs7,1
napa,0
fyn,0
prkcd,2
fdx1,0
vdac2,0
hsp90ab1,0
wiz,2
stk38l,2
prdx5,0
vps29,0
acvr1b,0
commd2,0
uaca,0
fam120c,0
nudt16l1,0
ptpre,0
grhpr,2
psma2,0
rps13,0
uqcc2,0
pcnt,0
acbd6,0
med24,0
itpk1,0
coa7,2
cdk16,2
psmd9,0
pex3,2
rbm22,0
gsta4,2
ass1,1
ppp1r37,0
slc22a17,0
gid8,0
nvl,0
usp48,0
mtmr7,2
rtcb,0
nucb2,2
capn7,0
rbm28,0
prpf38a,2
pdcl3,0
degs1,0
bcl2l13,0
eps15l1,0
pcyt1a,0
hnrnpul1,0
usf2,2
tti1,0
prrc1,0
nufip2,0
wbp4,0
paics,0
ids,0
sfxn5,0
rpl14,0
tub,0
ctsa,2
nono,0
safb2,2
rpa1,0
mrps15,0
herc2,1
synj1,0
eogt,0
brcc3,2
lamtor3,0
gtf2i,1
btbd1,0
mbnl1,2
eno1,0
urod,0
mrgbp,0
phf20l1,0
fbxo4,0
hacl1,2
hspa1l,2
mad2l1,0
smarcd3,0
kif2a,0
hccs,0
lrrc47,0
zmiz1,2
enpp5,0
hint1,0
stk11ip,2
appl1,0
sf3b5,0
txndc16,0
syt1,0
guk1,0
phc2,0
pik3r4,0
madd,2
cul9,0
tardbp,0
vcp,0
rabif,0
tmem260,0
fundc2,0
yars,0
rps26,0
pcsk2,0
kif1a,0
ints3,0
srrt,0
kifc3,0
thsd7a,2
sptlc1,0
cox6c,0
rpl34,0
tmem41b,0
eno2,2
bckdha,0
gpc6,1
crk,0
acadsb,0
ranbp2,0
pigu,0
rps19,0
tbc1d22a,0
tbl2,0
mrpl49,0
ttc39b,0
mcm5,2
tars2,0
ak2,0
xpo6,0
rasa2,0
psmc4,0
aifm1,0
rps9,0
dclk2,2
kdm5a,2
etf1,0
chmp6,0
hspbp1,0
naa38,0
mccc2,0
ddx6,0
capn2,0
txndc12,0
pebp1,0
mcu,0
ptges3,0
otub1,0
pus10,0
arhgap12,0
cdip1,0
ip6k1,0
ago2,0
dync2h1,2
rpl37a,0
ccdc47,0
slc33a1,0
ankmy2,0
timp2,0
habp4,0
cpe,0
fam114a2,0
dph7,0
twsg1,0
sardh,2
b4galnt1,0
pisd,0
igf2r,0
drg1,0
thyn1,0
kank2,0
rbm17,0
dock11,2
trim32,0
map2k4,0
pfkp,0
aven,0
bclaf1,0
tgfbrap1,0
me1,0
mrpl4,0
araf,0
prpf4,0
atp6v1b2,0
lsm8,0
dohh,0
mcm3ap,0
ppp2r2d,0
thoc5,0
psmd8,0
letm1,0
pikfyve,0
pdcd4,0
itgav,2
ndufs1,0
dgke,0
psap,0
rhot1,0
fmnl1,2
rmnd1,2
hdac3,0
cox7b,0
slc1a5,2
tmem126a,0
smg8,0
sppl2a,0
magee1,0
uqcrfs1,0
gcsh,0
galnt2,2
slc27a1,0
nsun2,0
szrd1,0
fam169a,0
smc2,0
ppm1f,0
armc10,0
tbc1d13,0
cr1l,2
mrpl46,0
prmt3,0
uqcc1,0
purg,0
gopc,0
psmd5,0
clcc1,0
tmem63b,0
eml2,0
slit2,2
uap1,0
ubfd1,0
sars2,0
pitpnb,0
pdpk1,2
bcas3,0
rabggtb,0
scamp2,0
rcan3,0
wdr24,0
oxnad1,0
armcx2,0
ncstn,0
aldh18a1,0
srsf1,0
adh5,2
suclg1,0
vps35,0
raf1,0
ppm1h,0
tmem33,0
eif2b5,0
ncl,0
rbbp9,0
phldb1,0
ythdf1,0
osbpl6,0
ppp1r2,0
aamdc,2
mat2a,2
dpysl2,0
srgap2,0
gmds,0
pgap1,0
mapk14,0
psmg3,2
sgpp1,0
crot,0
atp6ap2,0
cnksr2,0
dennd4c,2
nck2,0
ndufs4,0
tmf1,0
dync1h1,0
vti1b,0
cand1,0
mgst3,0
sec22a,0
hnrnpu,0
acp1,0
pitrm1,0
sdr39u1,0
xpnpep1,0
mpc2,0
agap2,0
apip,0
dnajb14,0
nfx1,0
mrps35,0
mvp,2
ibtk,2
mien1,0
usp14,2
lsm14a,0
opa3,0
tuba1b,0
dnajc17,2
ap1m1,0
fzd3,0
slc23a2,0
nasp,0
ruvbl1,0
sltm,0
itm2b,0
atp5d,0
sp4,0
mrps30,0
rnh1,0
mcmbp,0
bag6,0
ube2m,0
rps15,0
gosr1,0
ndufb10,0
vrk3,0
slirp,0
bpgm,0
abi1,2
mki67,0
aars,0
dnajb5,0
rprd1a,0
cryzl1,2
slc16a3,1
mblac2,0
lmna,0
gpaa1,0
snw1,2
mrpl48,0
aqr,0
mkrn3,2
manba,0
cops2,0
commd8,0
poldip3,0
pgm3,0
ptrh2,0
dicer1,0
pafah1b3,0
rilpl2,0
ercc3,0
acsl1,0
kcnab2,0
mest,0
mta2,0
pan3,0
ccp110,0
mycbp,0
ktn1,0
kpna6,0
wnk1,0
pigt,0
ptpn9,0
pgm2l1,0
rnf5,0
setd7,0
gar1,0
nlrx1,0
coq7,0
rab1b,0
capza1,0
aasdhppt,0
ggps1,0
snrpa1,0
smarcb1,0
dlgap4,0
eps15,2
rint1,2
dnajc8,0
stoml2,0
nt5c,0
abcd4,0
nup188,0
dpf2,0
sh3bgrl,0
sh3rf1,0
alas1,0
rpl6,0
gosr2,0
kdm3b,0
eif2s1,0
ptbp3,0
smarcd1,0
ift22,0
dtymk,0
acot7,0
dus3l,0
rab35,0
gprasp2,0
slc35f6,0
clint1,0
tmed3,0
sec63,0
pacsin2,0
plxna3,0
psmb1,0
prcp,0
isy1,2
kdm1a,0
ap1g1,0
ldhb,0
ctsz,0
mrpl10,0
chd6,0
yy1,0
cap1,0
adprh,2
rtn3,0
pds5a,0
rplp2,0
rpl31,0
fsd1,0
caskin1,0
pa2g4,0
eea1,0
pfn1,2
ikbkg,0
eif3f,0
hagh,0
clec16a,0
chp1,2
map2k3,2
atp5j,0
nmd3,0
noc2l,0
trim46,0
gramd1a,0
hsbp1,0
ift74,0
ddhd2,0
serinc3,0
prodh,1
u2af1,0
xab2,0
nek7,0
chmp1a,0
ywhah,0
ehd4,0
smpd4,2
dcun1d3,0
scai,0
pgpep1,0
arcn1,0
asap2,0
cpt1c,0
daam1,0
psmg2,2
zfp37,0
tmem201,2
rabgap1l,0
tsc22d3,0
anxa7,0
rab4a,0
ptbp1,0
mrps6,0
rnf14,0
rps11,0
atat1,0
wsb2,2
odf2,0
bid,0
akap7,0
vdac1,0
pcnp,0
dpm1,0
emd,0
bcat2,0
pfkfb2,0
ppp5c,0
klhdc8b,0
prepl,0
tm9sf1,0
rpl18a,0
ssr1,0
dtd2,0
nudt9,0
wdr5,0
hexim1,0
nxn,0
ttc38,0
atp6v1c1,0
hnrnpdl,0
rttn,2
podxl2,0
nrm,2
cbr4,0
ttll1,0
prpf19,0
ptcd1,0
atpif1,0
pde6d,0
fyttd1,0
ube4b,0
smpdl3b,2
hip1r,0
cltb,0
pogz,1
coq3,0
bicd2,0
mdh2,0
spata5,0
msh3,0
tcp11l1,0
nup155,0
rps15a,0
bloc1s4,2
ephx1,2
cops3,0
kif21a,0
ciao1,0
pmm1,0
shroom2,2
cnnm3,2
etfdh,0
kpna4,0
prrc2c,0
ampd2,0
bcl10,0
gys1,0
fbxo41,0
txnl4a,0
nit2,0
uso1,0
pacs2,0
ccdc97,0
pfkl,0
mkln1,0
pgd,0
rprd1b,0
sec61b,0
timm9,0
pgrmc1,0
ppp4c,0
phkb,0
tmem263,0
tbcb,0
snx30,0
map4k3,2
fyco1,0
pdhb,0
rab24,0
stau2,0
sar1a,0
dlg3,0
ugp2,0
dtx3,0
ik,0
pcna,0
pik3ca,0
mrpl12,0
ptms,0
ttc1,2
arhgap35,0
mpp1,0
nell2,0
btbd9,0
hnrnpab,0
rbmxl1,0
ica1,1
ap3m2,0
samd8,0
fech,0
jmy,0
tra2a,0
sec62,2
ap3m1,0
tbcd,0
man2b2,2
ptpn12,0
ndufs3,0
mapre1,0
anapc4,0
chm,2
ercc6l,2
cs,0
fnta,0
mrpl19,0
snrpc,0
dnajc9,0
ifi35,2
syncrip,0
gla,0
atxn10,0
tmeff1,0
gpc1,0
golph3,0
s100a13,2
map1lc3b,0
vac14,0
gns,0
exoc8,0
eif3h,0
lmnb1,2
sugp2,0
mtap,0
agtpbp1,2
rad23b,0
tecpr1,0
dchs1,0
ubxn7,0
rhoc,2
efr3b,0
lrfn1,0
dync1i2,0
iars,0
erap1,0
dnaja2,0
tbcel,0
osbp,0
amot,2
pithd1,0
ralbp1,0
mrps16,0
adam17,0
atad1,0
arhgap31,0
ttc7b,0
acat1,0
dlg5,2
gnb4,0
cttnbp2nl,0
cfdp1,0
ddx21,0
sidt2,2
pkn2,2
trappc5,0
tspan6,0
arf5,0
chd4,0
lonp1,0
tubb5,0
prpf4b,0
pdk1,0
ubash3b,0
dnajb11,0
tradd,2
flii,0
prpf31,0
tjp2,2
dclk1,2
mcur1,0
tpi1,0
swap70,0
mib2,0
rufy1,0
snrpd2,0
ankfy1,0
zc3h18,0
atg16l1,2
akr1a1,0
alg9,0
nucks1,0
sf1,0
gab1,2
bud31,2
sec61a1,0
nup93,0
rps12,0
abcf3,0
fchsd2,0
atpaf1,0
cpsf3,0
txnrd1,0
isca2,0
rgs6,0
cers6,0
acbd5,0
usf1,0
gcat,2
atp9b,0
lap3,0
creg1,0
armc9,0
oat,2
luc7l,0
dazap1,0
l3hypdh,2
wdr82,0
sec23b,0
hspg2,2
myo10,0
ppp6r3,0
mtfr1l,0
ndufaf3,0
acss2,2
cgn,2
tecr,0
pomk,0
adipor1,0
tubgcp3,0
lig1,2
