#queryIndex	queryItem	stringId	preferredName	annotation
1	SCYL3	9606.ENSP00000356746	SCYL3	Protein-associating with the carboxyl-terminal domain of ezrin; May play a role in regulating cell adhesion/migration complexes in migrating cells; SCY1 like pseudokinases
2	MASP2	9606.ENSP00000383690	MASP2	Mannan-binding lectin serine protease 2; Serum protease that plays an important role in the activation of the complement system via mannose-binding lectin. After activation by auto-catalytic cleavage it cleaves C2 and C4, leading to their activation and to the formation of C3 convertase; Sushi domain containing
3	PRICKLE3	9606.ENSP00000470248	PRICKLE3	Prickle planar cell polarity protein 3; Involved in the planar cell polarity (PCP) pathway that is essential for the polarization of epithelial cells during morphogenetic processes, including gastrulation and neurulation (By similarity). PCP is maintained by two molecular modules, the global and the core modules, PRICKLE3 being part of the core module (By similarity). Distinct complexes of the core module segregate to opposite sides of the cell, where they interact with the opposite complex in the neighboring cell at or near the adherents junctions (By similarity). Involved in the orga [...] 
4	MAP2K3	9606.ENSP00000345083	MAP2K3	Dual specificity mitogen-activated protein kinase kinase 3; Dual specificity kinase. Is activated by cytokines and environmental stress in vivo. Catalyzes the concomitant phosphorylation of a threonine and a tyrosine residue in the MAP kinase p38. Part of a signaling cascade that begins with the activation of the adrenergic receptor ADRA1B and leads to the activation of MAPK14; Belongs to the protein kinase superfamily. STE Ser/Thr protein kinase family. MAP kinase kinase subfamily
5	THAP3	9606.ENSP00000054650	THAP3	THAP domain-containing protein 3; Component of a THAP1/THAP3-HCFC1-OGT complex that is required for the regulation of the transcriptional activity of RRM1; THAP domain containing
6	ZNF800	9606.ENSP00000376989	ZNF800	Zinc finger protein 800; May be involved in transcriptional regulation; Zinc fingers C2H2-type
7	FAM160A2	9606.ENSP00000265978	FAM160A2	Family with sequence similarity 160 member a2; FTS and Hook-interacting protein; Component of the FTS/Hook/FHIP complex (FHF complex). The FHF complex may function to promote vesicle trafficking and/or fusion via the homotypic vesicular protein sorting complex (the HOPS complex); Belongs to the UPF0518 family
8	RELT	9606.ENSP00000064780	RELT	Tumor necrosis factor receptor superfamily member 19L; Mediates activation of NF-kappa-B. May play a role in T- cell activation; RELT family
9	ZNF112	9606.ENSP00000337081	ZNF112	Zinc finger protein 112; May be involved in transcriptional regulation; Zinc fingers C2H2-type
10	PLPP1	9606.ENSP00000264775	PPAP2A	Phospholipid phosphatase 1; Phosphatidic acid phosphatase type 2A
11	BCL3	9606.ENSP00000164227	BCL3	B-cell lymphoma 3 protein; Contributes to the regulation of transcriptional activation of NF-kappa-B target genes. In the cytoplasm, inhibits the nuclear translocation of the NF-kappa-B p50 subunit. In the nucleus, acts as transcriptional activator that promotes transcription of NF-kappa-B target genes. Contributes to the regulation of cell proliferation (By similarity); Ankyrin repeat domain containing
12	MNT	9606.ENSP00000174618	MNT	Max network transcriptional repressor; Max-binding protein MNT; Binds DNA as a heterodimer with MAX and represses transcription. Binds to the canonical E box sequence 5'-CACGTG-3' and, with higher affinity, to 5'-CACGCG-3'; Basic helix-loop-helix proteins
13	MAP4K4	9606.ENSP00000343658	MAP4K4	Mitogen-activated protein kinase kinase kinase kinase 4; Serine/threonine kinase that may play a role in the response to environmental stress and cytokines such as TNF-alpha. Appears to act upstream of the JUN N-terminal pathway. Phosphorylates SMAD1 on Thr-322; Belongs to the protein kinase superfamily. STE Ser/Thr protein kinase family. STE20 subfamily
14	RPS6KA6	9606.ENSP00000262752	RPS6KA6	Ribosomal protein S6 kinase alpha-6; Constitutively active serine/threonine-protein kinase that exhibits growth-factor-independent kinase activity and that may participate in p53/TP53-dependent cell growth arrest signaling and play an inhibitory role during embryogenesis; Belongs to the protein kinase superfamily. AGC Ser/Thr protein kinase family. S6 kinase subfamily
15	FERMT2	9606.ENSP00000342858	FERMT2	Fermitin family homolog 2; Scaffolding protein that enhances integrin activation mediated by TLN1 and/or TLN2, but activates integrins only weakly by itself. Binds to membranes enriched in phosphoinositides. Enhances integrin-mediated cell adhesion onto the extracellular matrix and cell spreading; this requires both its ability to interact with integrins and with phospholipid membranes. Required for the assembly of focal adhesions. Participates in the connection between extracellular matrix adhesion sites and the actin cytoskeleton and also in the orchestration of actin assembly and ce [...] 
16	NCBP3	9606.ENSP00000373657	C17orf85	Nuclear cap-binding protein subunit 3; Associates with NCBP1/CBP80 to form an alternative cap- binding complex (CBC) which plays a key role in mRNA export. NCBP3 serves as adapter protein linking the capped RNAs (m7GpppG-capped RNA) to NCBP1/CBP80. Unlike the conventional CBC with NCBP2 which binds both small nuclear RNA (snRNA) and messenger (mRNA) and is involved in their export from the nucleus, the alternative CBC with NCBP3 does not bind snRNA and associates only with mRNA thereby playing a role in only mRNA export. The alternative CBC is particularly important in cellular stress  [...] 
17	TRAF4	9606.ENSP00000262395	TRAF4	TNF receptor-associated factor 4; Adapter protein and signal transducer that links members of the tumor necrosis factor receptor (TNFR) family to different signaling pathways. Plays a role in the activation of NF-kappa-B and JNK, and in the regulation of cell survival and apoptosis. Regulates activation of NF-kappa-B in response to signaling through Toll-like receptors. Required for normal skeleton development, and for normal development of the respiratory tract (By similarity). Required for activation of RPS6KB1 in response to TNF signaling. Modulates TRAF6 functions
18	IL4R	9606.ENSP00000379111	IL4R	Interleukin-4 receptor subunit alpha; Receptor for both interleukin 4 and interleukin 13. Couples to the JAK1/2/3-STAT6 pathway. The IL4 response is involved in promoting Th2 differentiation. The IL4/IL13 responses are involved in regulating IgE production and, chemokine and mucus production at sites of allergic inflammation. In certain cell types, can signal through activation of insulin receptor substrates, IRS1/IRS2
19	ITGA8	9606.ENSP00000367316	ITGA8	Integrin subunit alpha 8; Integrin alpha-8; Integrin alpha-8/beta-1 functions in the genesis of kidney and probably of other organs by regulating the recruitment of mesenchymal cells into epithelial structures. It recognizes the sequence R-G-D in a wide array of ligands including TNC, FN1, SPP1 TGFB1, TGFB3 and VTN. NPNT is probably its functional ligand in kidney genesis. Neuronal receptor for TNC it mediates cell-cell interactions and regulates neurite outgrowth of sensory and motor neurons
20	ZNF510	9606.ENSP00000364379	ZNF510	Zinc finger protein 510; May be involved in transcriptional regulation; Zinc fingers C2H2-type
21	SERTAD4	9606.ENSP00000355979	SERTAD4	Serta domain-containing protein 4; SERTA domain containing 4
22	IL11	9606.ENSP00000264563	IL11	Interleukin-11; Cytokine that stimulates the proliferation of hematopoietic stem cells and megakaryocyte progenitor cells and induces megakaryocyte maturation resulting in increased platelet production. Also promotes the proliferation of hepatocytes in response to liver damage. Binding to its receptor formed by IL6ST and either IL11RA1 or IL11RA2 activates a signaling cascade that promotes cell proliferation. Signaling leads to the activation of intracellular protein kinases and the phosphorylation of STAT3; Belongs to the IL-6 superfamily
23	HIVEP1	9606.ENSP00000368698	HIVEP1	Zinc finger protein 40; This protein specifically binds to the DNA sequence 5'- GGGACTTTCC-3' which is found in the enhancer elements of numerous viral promoters such as those of SV40, CMV, or HIV-1. In addition, related sequences are found in the enhancer elements of a number of cellular promoters, including those of the class I MHC, interleukin-2 receptor, and interferon-beta genes. It may act in T-cell activation. Involved in activating HIV-1 gene expression. Isoform 2 and isoform 3 also bind to the IPCS (IRF1 and p53 common sequence) DNA sequence in the promoter region of interfero [...] 
24	CBARP	9606.ENSP00000465260	C19orf26	Voltage-dependent calcium channel beta subunit-associated regulatory protein; Negatively regulates voltage-gated calcium channels by preventing the interaction between their alpha and beta subunits. Thereby, negatively regulates calcium channels activity at the plasma membrane and indirectly inhibits calcium-regulated exocytosis
25	GADD45B	9606.ENSP00000215631	GADD45B	Growth arrest and DNA damage-inducible protein GADD45 beta; Involved in the regulation of growth and apoptosis. Mediates activation of stress-responsive MTK1/MEKK4 MAPKKK
26	MFNG	9606.ENSP00000349490	MFNG	Mfng o-fucosylpeptide 3-beta-n-acetylglucosaminyltransferase; Beta-1,3-N-acetylglucosaminyltransferase manic fringe; Glycosyltransferase that initiates the elongation of O- linked fucose residues attached to EGF-like repeats in the extracellular domain of Notch molecules. Modulates NOTCH1 activity by modifying O-fucose residues at specific EGF-like domains resulting in inhibition of NOTCH1 activation by JAG1 and enhancement of NOTCH1 activation by DLL1 via an increase in its binding to DLL1 (By similarity); Beta 3-glycosyltransferases
27	SRSF5	9606.ENSP00000452123	SRSF5	Splicing factor, arginine/serine-rich 4/5/6; Serine/arginine-rich splicing factor 5; Plays a role in constitutive splicing and can modulate the selection of alternative splice sites; RNA binding motif containing
28	CHD8	9606.ENSP00000382863	CHD8	Chromodomain-helicase-DNA-binding protein 8; DNA helicase that acts as a chromatin remodeling factor and regulates transcription. Acts as a transcription repressor by remodeling chromatin structure and recruiting histone H1 to target genes. Suppresses p53/TP53-mediated apoptosis by recruiting histone H1 and preventing p53/TP53 transactivation activity. Acts as a negative regulator of Wnt signaling pathway by regulating beta-catenin (CTNNB1) activity. Negatively regulates CTNNB1- targeted gene expression by being recruited specifically to the promoter regions of several CTNNB1 responsiv [...] 
29	ADNP2	9606.ENSP00000262198	ADNP2	Activity-dependent neuroprotector homeobox protein 2; May be involved in transcriptional regulation; ZF class homeoboxes and pseudogenes
30	SMAD7	9606.ENSP00000262158	SMAD7	Mothers against decapentaplegic homolog 7; Antagonist of signaling by TGF-beta (transforming growth factor) type 1 receptor superfamily members; has been shown to inhibit TGF-beta (Transforming growth factor) and activin signaling by associating with their receptors thus preventing SMAD2 access. Functions as an adapter to recruit SMURF2 to the TGF-beta receptor complex. Also acts by recruiting the PPP1R15A- PP1 complex to TGFBR1, which promotes its dephosphorylation. Positively regulates PDPK1 kinase activity by stimulating its dissociation from the 14-3-3 protein YWHAQ which acts as a [...] 
31	CGB3	9606.ENSP00000301408	CGB5	Chorionic gonadotropin, beta polypeptide; Chorionic gonadotropin beta subunit 5
32	DOT1L	9606.ENSP00000381657	DOT1L	Histone-lysine N-methyltransferase, H3 lysine-79 specific; Histone methyltransferase. Methylates 'Lys-79' of histone H3. Nucleosomes are preferred as substrate compared to free histones. Binds to DNA; Lysine methyltransferases
33	SLC17A7	9606.ENSP00000221485	SLC17A7	Mfs transporter, acs family, solute carrier family 17 (sodium-dependent inorganic phosphate cotransporter), member 6/7/8; Vesicular glutamate transporter 1; Mediates the uptake of glutamate into synaptic vesicles at presynaptic nerve terminals of excitatory neural cells. May also mediate the transport of inorganic phosphate; Solute carriers
34	ZNF419	9606.ENSP00000388864	ZNF419	Zinc finger protein 419; May be involved in transcriptional regulation; Belongs to the krueppel C2H2-type zinc-finger protein family
35	ELL	9606.ENSP00000262809	ELL	RNA polymerase II elongation factor ELL; Elongation factor component of the super elongation complex (SEC), a complex required to increase the catalytic rate of RNA polymerase II transcription by suppressing transient pausing by the polymerase at multiple sites along the DNA. Elongation factor component of the little elongation complex (LEC), a complex required to regulate small nuclear RNA (snRNA) gene transcription by RNA polymerase II and III. Specifically required for stimulating the elongation step of RNA polymerase II- and III-dependent snRNA gene transcription. ELL also plays an [...] 
36	ERF	9606.ENSP00000222329	ERF	ETS domain-containing transcription factor ERF; Potent transcriptional repressor that binds to the H1 element of the Ets2 promoter. May regulate other genes involved in cellular proliferation. Required for extraembryonic ectoderm differentiation, ectoplacental cone cavity closure, and chorioallantoic attachment (By similarity). May be important for regulating trophoblast stem cell differentiation (By similarity)
37	ZNF574	9606.ENSP00000469029	ZNF574	Zinc finger protein 574; May be involved in transcriptional regulation; Zinc fingers C2H2-type
38	HOXA3	9606.ENSP00000484411	HOXA3	Homeobox protein Hox-A3; Sequence-specific transcription factor which is part of a developmental regulatory system that provides cells with specific positional identities on the anterior-posterior axis; HOXL subclass homeoboxes
39	LFNG	9606.ENSP00000222725	LFNG	Lfng o-fucosylpeptide 3-beta-n-acetylglucosaminyltransferase; Beta-1,3-N-acetylglucosaminyltransferase lunatic fringe; Glycosyltransferase that initiates the elongation of O- linked fucose residues attached to EGF-like repeats in the extracellular domain of Notch molecules. Modulates NOTCH1 activity by modifying O-fucose residues at specific EGF-like domains resulting in inhibition of NOTCH1 activation by JAG1 and enhancement of NOTCH1 activation by DLL1 via an increase in its binding to DLL1 (By similarity). Decreases the binding of JAG1 to NOTCH2 but not that of DLL1. Essential media [...] 
40	HOXA5	9606.ENSP00000222726	HOXA5	Homeobox protein Hox-A5; Sequence-specific transcription factor which is part of a developmental regulatory system that provides cells with specific positional identities on the anterior-posterior axis. Also binds to its own promoter. Binds specifically to the motif 5'-CYYNATTA[TG]Y-3'; HOXL subclass homeoboxes
41	PPIF	9606.ENSP00000225174	PPIF	Peptidyl-prolyl cis-trans isomerase F, mitochondrial; PPIases accelerate the folding of proteins. It catalyzes the cis-trans isomerization of proline imidic peptide bonds in oligopeptides. Involved in regulation of the mitochondrial permeability transition pore (mPTP). It is proposed that its association with the mPTP is masking a binding site for inhibiting inorganic phosphate (Pi) and promotes the open probability of the mPTP leading to apoptosis or necrosis; the requirement of the PPIase activity for this function is debated. In cooperation with mitochondrial TP53 is involved in act [...] 
42	PRMT8	9606.ENSP00000372067	PRMT8	Protein arginine N-methyltransferase 8; Membrane-associated arginine methyltransferase that can both catalyze the formation of omega-N monomethylarginine (MMA) and asymmetrical dimethylarginine (aDMA). Able to mono- and dimethylate EWS protein; however its precise role toward EWS remains unclear as it still interacts with fully methylated EWS
43	SRF	9606.ENSP00000265354	SRF	Serum response factor; SRF is a transcription factor that binds to the serum response element (SRE), a short sequence of dyad symmetry located 300 bp to the 5' of the site of transcription initiation of some genes (such as FOS). Required for cardiac differentiation and maturation; MADS box family
44	PAPD7	9606.ENSP00000230859	PAPD7	Non-canonical poly(A) RNA polymerase PAPD7; Catalytic subunit of a TRAMP-like complex which has a poly(A) RNA polymerase activity and is involved in a post- transcriptional quality control mechanism. Polyadenylation with short oligo(A) tails is required for the degradative activity of the exosome on several of its nuclear RNA substrates. Has no terminal uridylyltransferase activity, and does not play a role in replication-dependent histone mRNA degradation via uridylation; Belongs to the DNA polymerase type-B-like family
45	HBEGF	9606.ENSP00000230990	HBEGF	Proheparin-binding EGF-like growth factor; Growth factor that mediates its effects via EGFR, ERBB2 and ERBB4. Required for normal cardiac valve formation and normal heart function. Promotes smooth muscle cell proliferation. May be involved in macrophage-mediated cellular proliferation. It is mitogenic for fibroblasts, but not endothelial cells. It is able to bind EGF receptor/EGFR with higher affinity than EGF itself and is a far more potent mitogen for smooth muscle cells than EGF. Also acts as a diphtheria toxin receptor
46	PCDHB15	9606.ENSP00000231173	PCDHB15	Protocadherin beta-15; Potential calcium-dependent cell-adhesion protein. May be involved in the establishment and maintenance of specific neuronal connections in the brain; Clustered protocadherins
47	ZNF346	9606.ENSP00000350869	ZNF346	Zinc finger protein 346; Binds with low affinity to dsDNA and ssRNA, and with high affinity to dsRNA, with no detectable sequence specificity. May bind to specific miRNA hairpins
48	HES1	9606.ENSP00000232424	HES1	Transcription factor HES-1; Transcriptional repressor of genes that require a bHLH protein for their transcription. May act as a negative regulator of myogenesis by inhibiting the functions of MYOD1 and ASH1. Binds DNA on N-box motifs: 5'-CACNAG-3' with high affinity and on E-box motifs: 5'-CANNTG-3' with low affinity (By similarity). May play a role in a functional FA core complex response to DNA cross-link damage, being required for the stability and nuclear localization of FA core complex proteins, as well as for FANCD2 monoubiquitination in response to DNA damage; Basic helix-loop- [...] 
49	TUSC2	9606.ENSP00000232496	TUSC2	Tumor suppressor candidate 2; May function as a tumor suppressor, inhibiting colony formation, causing G1 arrest and ultimately inducing apoptosis in homozygous 3p21.3 120-kb region-deficient cells; Belongs to the TUSC2 family
50	LMAN2L	9606.ENSP00000366280	LMAN2L	Lectin, mannose binding 2 like; VIP36-like protein; May be involved in the regulation of export from the endoplasmic reticulum of a subset of glycoproteins. May function as a regulator of ERGIC-53
51	DLX2	9606.ENSP00000234198	DLX2	Homeobox protein DLX-2; Acts as a transcriptional activator. Plays a role in terminal differentiation of interneurons, such as amacrine and bipolar cells in the developing retina. Likely to play a regulatory role in the development of the ventral forebrain. May play a role in craniofacial patterning and morphogenesis; NKL subclass homeoboxes and pseudogenes
52	TCEANC2	9606.ENSP00000234827	TCEANC2	Transcription elongation factor A N-terminal and central domain containing 2
53	PHF13	9606.ENSP00000366876	PHF13	PHD finger protein 13; Modulates chromatin structure. Required for normal chromosome condensation during the early stages of mitosis. Required for normal chromosome separation during mitosis; PHD finger proteins
54	ERRFI1	9606.ENSP00000366702	ERRFI1	ERBB receptor feedback inhibitor 1; Negative regulator of EGFR signaling in skin morphogenesis. Acts as a negative regulator for several EGFR family members, including ERBB2, ERBB3 and ERBB4. Inhibits EGFR catalytic activity by interfering with its dimerization. Inhibits autophosphorylation of EGFR, ERBB2 and ERBB4. Important for normal keratinocyte proliferation and differentiation. Plays a role in modulating the response to steroid hormones in the uterus. Required for normal response to progesterone in the uterus and for fertility. Mediates epithelial estrogen responses in the uterus [...] 
55	EXOC8	9606.ENSP00000355605	EXOC8	Exocyst complex component 8; Component of the exocyst complex involved in the docking of exocytic vesicles with fusion sites on the plasma membrane; Belongs to the EXO84 family
56	ETV3	9606.ENSP00000357175	ETV3	ETS translocation variant 3; Transcriptional repressor that contribute to growth arrest during terminal macrophage differentiation by repressing target genes involved in Ras-dependent proliferation. Represses MMP1 promoter activity; ETS transcription factor family
57	SLC19A2	9606.ENSP00000236137	SLC19A2	Solute carrier family 19 (thiamine transporter), member 2/3; Thiamine transporter 1; High-affinity transporter for the intake of thiamine; Solute carriers
58	FBXO30	9606.ENSP00000237281	FBXO30	F-box only protein 30; Substrate-recognition component of the SCF (SKP1-CUL1-F- box protein)-type E3 ubiquitin ligase complex. Required for muscle atrophy following denervation; F-boxes other
59	SENP5	9606.ENSP00000327197	SENP5	Sentrin-specific protease 5; Protease that catalyzes two essential functions in the SUMO pathway: processing of full-length SUMO3 to its mature form and deconjugation of SUMO2 and SUMO3 from targeted proteins. Has weak proteolytic activity against full-length SUMO1 or SUMO1 conjugates. Required for cell division; SUMO specific peptidases
60	PPP6C	9606.ENSP00000392147	PPP6C	Protein phosphatase 6 catalytic subunit
61	IRF2BPL	9606.ENSP00000238647	IRF2BPL	Interferon regulatory factor 2-binding protein-like; May contribute to the control of female reproductive function (By similarity). May play a role in gene transcription by transactivating GNRH1 promoter and repressing PENK promoter; Belongs to the IRF2BP family
62	PPP1R3C	9606.ENSP00000238994	PPP1R3C	Protein phosphatase 1 regulatory subunit 3C; Acts as a glycogen-targeting subunit for PP1 and regulates its activity. Activates glycogen synthase, reduces glycogen phosphorylase activity and limits glycogen breakdown. Dramatically increases basal and insulin-stimulated glycogen synthesis upon overexpression in a variety of cell types; Protein phosphatase 1 regulatory subunits
63	DUSP1	9606.ENSP00000239223	DUSP1	Dual specificity protein phosphatase 1; Dual specificity phosphatase that dephosphorylates MAP kinase MAPK1/ERK2 on both 'Thr-183' and 'Tyr-185', regulating its activity during the meiotic cell cycle; Belongs to the protein-tyrosine phosphatase family. Non-receptor class dual specificity subfamily
64	PPP3CC	9606.ENSP00000380878	PPP3CC	Serine/threonine-protein phosphatase 2B catalytic subunit gamma isoform; Calcium-dependent, calmodulin-stimulated protein phosphatase. This subunit may have a role in the calmodulin activation of calcineurin; Belongs to the PPP phosphatase family. PP-2B subfamily
65	LHX4	9606.ENSP00000263726	LHX4	LIM/homeobox protein Lhx4; May play a critical role in the development of respiratory control mechanisms and in the normal growth and maturation of the lung; LIM class homeoboxes
66	ZSCAN20	9606.ENSP00000355053	ZSCAN20	Zinc finger and SCAN domain-containing protein 20; May be involved in transcriptional regulation; Myb/SANT domain containing
67	C7orf49	9606.ENSP00000376823	C7orf49	Cell cycle regulator of non-homologous end joining; Isoform 1: Cell-cycle-specific inhibitor of classical non-homologous end joining (NHEJ) of DNA double-strand break (DSB) repair during the S and G2 phases. Acts as a regulator of DNA repair pathway choice by specifically inhibiting classical NHEJ during the S and G2 phases, thereby promoting error-free repair by homologous recombination during cell cycle phases when sister chromatids are present. Preferentially protects single-stranded overhangs at break sites by inhibiting classical NHEJ, thereby creating a local environment that fav [...] 
68	CHST3	9606.ENSP00000362207	CHST3	Carbohydrate sulfotransferase 3; Sulfotransferase that utilizes 3'-phospho-5'-adenylyl sulfate (PAPS) as sulfonate donor to catalyze the transfer of sulfate to position 6 of the N-acetylgalactosamine (GalNAc) residue of chondroitin. Chondroitin sulfate constitutes the predominant proteoglycan present in cartilage and is distributed on the surfaces of many cells and extracellular matrices. Can also sulfate Gal residues of keratan sulfate, another glycosaminoglycan, and the Gal residues in sialyl N- acetyllactosamine (sialyl LacNAc) oligosaccharides. May play a role in the maintenance of [...] 
69	NR4A1	9606.ENSP00000440864	NR4A1	Nuclear receptor subfamily 4 group A member 1; Orphan nuclear receptor. May act concomitantly with NURR1 in regulating the expression of delayed-early genes during liver regeneration. Binds the NGFI-B response element (NBRE) 5'- AAAAGGTCA-3' (By similarity). May inhibit NF-kappa-B transactivation of IL2. Participates in energy homeostasis by sequestrating the kinase STK11 in the nucleus, thereby attenuating cytoplasmic AMPK activation; Nuclear hormone receptors
70	AMD1	9606.ENSP00000357880	AMD1	S-adenosylmethionine decarboxylase proenzyme; Essential for biosynthesis of the polyamines spermidine and spermine. Promotes maintenance and self-renewal of embryonic stem cells, by maintaining spermine levels; Belongs to the eukaryotic AdoMetDC family
71	PFKFB2	9606.ENSP00000356047	PFKFB2	6-phosphofructo-2-kinase/fructose-2,6-bisphosphatase 2; Synthesis and degradation of fructose 2,6-bisphosphate; In the C-terminal section; belongs to the phosphoglycerate mutase family
72	SNAI1	9606.ENSP00000244050	SNAI1	Zinc finger protein SNAI1; Involved in induction of the epithelial to mesenchymal transition (EMT), formation and maintenance of embryonic mesoderm, growth arrest, survival and cell migration. Binds to 3 E-boxes of the E-cadherin/CDH1 gene promoter and to the promoters of CLDN7 and KRT8 and, in association with histone demethylase KDM1A which it recruits to the promoters, causes a decrease in dimethylated H3K4 levels and represses transcription. Associates with EGR1 and SP1 to mediate tetradecanoyl phorbol acetate (TPA)-induced up- regulation of CDKN2B, possibly by binding to the CDKN2 [...] 
73	GGA3	9606.ENSP00000438085	GGA3	Golgi associated, gamma adaptin ear containing, arf binding protein 3; ADP-ribosylation factor-binding protein GGA3; Plays a role in protein sorting and trafficking between the trans-Golgi network (TGN) and endosomes. Mediates the ARF- dependent recruitment of clathrin to the TGN and binds ubiquitinated proteins and membrane cargo molecules with a cytosolic acidic cluster-dileucine (AC-LL) motif
74	ARMC7	9606.ENSP00000245543	ARMC7	Armadillo repeat-containing protein 7; Armadillo repeat containing 7
75	FOSB	9606.ENSP00000245919	FOSB	Fosb proto-oncogene, ap-1 transcription factor subunit; Protein fosB; FosB interacts with Jun proteins enhancing their DNA binding activity; Belongs to the bZIP family. Fos subfamily
76	ZNF133	9606.ENSP00000439427	ZNF133	Zinc finger protein 133; May be involved in transcriptional regulation as a repressor; Zinc fingers C2H2-type
77	FLRT3	9606.ENSP00000367292	FLRT3	Leucine-rich repeat transmembrane protein FLRT3; Functions in cell-cell adhesion, cell migration and axon guidance, exerting an attractive or repulsive role depending on its interaction partners. Plays a role in the spatial organization of brain neurons. Plays a role in vascular development in the retina (By similarity). Plays a role in cell-cell adhesion via its interaction with ADGRL3 and probably also other latrophilins that are expressed at the surface of adjacent cells. Interaction with the intracellular domain of ROBO1 mediates axon attraction towards cells expressing NTN1. Media [...] 
78	DYRK2	9606.ENSP00000342105	DYRK2	Dual specificity tyrosine-phosphorylation-regulated kinase 2; Serine/threonine-protein kinase involved in the regulation of the mitotic cell cycle, cell proliferation, apoptosis, organization of the cytoskeleton and neurite outgrowth. Functions in part via its role in ubiquitin-dependent proteasomal protein degradation. Functions downstream of ATM and phosphorylates p53/TP53 at 'Ser-46', and thereby contributes to the induction of apoptosis in response to DNA damage. Phosphorylates NFATC1, and thereby inhibits its accumulation in the nucleus and its transcription factor activity. Phosp [...] 
79	LIF	9606.ENSP00000249075	LIF	Lif, interleukin 6 family cytokine; Leukemia inhibitory factor; LIF has the capacity to induce terminal differentiation in leukemic cells. Its activities include the induction of hematopoietic differentiation in normal and myeloid leukemia cells, the induction of neuronal cell differentiation, and the stimulation of acute-phase protein synthesis in hepatocytes; Endogenous ligands
80	KLF16	9606.ENSP00000250916	KLF16	Krueppel-like factor 16; Transcription factor that binds GC and GT boxes and displaces Sp1 and Sp3 from these sequences. Modulates dopaminergic transmission in the brain (By similarity); Kruppel like factors
81	LDLR	9606.ENSP00000454071	LDLR	Low-density lipoprotein receptor; Binds LDL, the major cholesterol-carrying lipoprotein of plasma, and transports it into cells by endocytosis. In order to be internalized, the receptor-ligand complexes must first cluster into clathrin-coated pits; Belongs to the LDLR family
82	ZSWIM6	9606.ENSP00000252744	ZSWIM6	Zinc finger swim domain-containing protein 6; Zinc finger SWIM-type containing 6
83	MED18	9606.ENSP00000362948	MED18	Mediator of RNA polymerase II transcription subunit 18; Component of the Mediator complex, a coactivator involved in the regulated transcription of nearly all RNA polymerase II-dependent genes. Mediator functions as a bridge to convey information from gene-specific regulatory proteins to the basal RNA polymerase II transcription machinery. Mediator is recruited to promoters by direct interactions with regulatory proteins and serves as a scaffold for the assembly of a functional preinitiation complex with RNA polymerase II and the general transcription factors
84	AKAP12	9606.ENSP00000384537	AKAP12	A-kinase anchor protein 12; Anchoring protein that mediates the subcellular compartmentation of protein kinase A (PKA) and protein kinase C (PKC); A-kinase anchoring proteins
85	UBE2G1	9606.ENSP00000380178	UBE2G1	Ubiquitin-conjugating enzyme E2 G1; Accepts ubiquitin from the E1 complex and catalyzes its covalent attachment to other proteins. In vitro catalyzes 'Lys- 48'-, as well as 'Lys-63'-linked polyubiquitination. May be involved in degradation of muscle-specific proteins. Mediates polyubiquitination of CYP3A4; Ubiquitin conjugating enzymes E2
86	KDM6B	9606.ENSP00000254846	KDM6B	Lysine-specific demethylase 6B; Histone demethylase that specifically demethylates 'Lys- 27' of histone H3, thereby playing a central role in histone code. Demethylates trimethylated and dimethylated H3 'Lys-27'. Plays a central role in regulation of posterior development, by regulating HOX gene expression. Involved in inflammatory response by participating in macrophage differentiation in case of inflammation by regulating gene expression and macrophage differentiation. Plays a demethylase-independent role in chromatin remodeling to regulate T-box family member-dependent gene expressi [...] 
87	USPL1	9606.ENSP00000255304	USPL1	Ubiquitin specific peptidase like 1; SUMO-specific isopeptidase USPL1; SUMO-specific isopeptidase involved in protein desumoylation. Specifically binds SUMO proteins with a higher affinity for SUMO2 and SUMO3 which it cleaves more efficiently. Also able to process full-length SUMO proteins to their mature forms. Plays a key role in RNA polymerase-II- mediated snRNA transcription in the Cajal bodies. Is a component of complexes that can bind to U snRNA genes
88	BHLHE40	9606.ENSP00000256495	BHLHE40	Class E basic helix-loop-helix protein 40; Transcriptional repressor involved in the regulation of the circadian rhythm by negatively regulating the activity of the clock genes and clock-controlled genes. Acts as the negative limb of a novel autoregulatory feedback loop (DEC loop) which differs from the one formed by the PER and CRY transcriptional repressors (PER/CRY loop). Both these loops are interlocked as it represses the expression of PER1/2 and in turn is repressed by PER1/2 and CRY1/2. Represses the activity of the circadian transcriptional activator: CLOCK-ARNTL/BMAL1|ARNTL2/B [...] 
89	ETS1	9606.ENSP00000376436	ETS1	Ets proto-oncogene 1, transcription factor; Protein C-ets-1; Transcription factor. Directly controls the expression of cytokine and chemokine genes in a wide variety of different cellular contexts. May control the differentiation, survival and proliferation of lymphoid cells. May also regulate angiogenesis through regulation of expression of genes controlling endothelial cell migration and invasion
90	ZC3H10	9606.ENSP00000257940	ZC3H10	Zinc finger CCCH domain-containing protein 10; Specific regulator of miRNA biogenesis. Binds, via the C3H1-type zinc finger domains, to the binding motif 5'-GCAGCGC-3' on microRNA pri-MIR143 and negatively regulates the processing to mature microRNA; Zinc fingers CCCH-type
91	SPRY2	9606.ENSP00000366306	SPRY2	Protein sprouty homolog 2; May function as an antagonist of fibroblast growth factor (FGF) pathways and may negatively modulate respiratory organogenesis; Belongs to the sprouty family
92	SKIL	9606.ENSP00000415243	SKIL	Ski-like protein; May have regulatory role in cell division or differentiation in response to extracellular signals; Belongs to the SKI family
93	LRRC1	9606.ENSP00000359925	LRRC1	Leucine-rich repeat-containing protein 1; Leucine rich repeat containing 1
94	CPEB2	9606.ENSP00000443985	CPEB2	Cytoplasmic polyadenylation element-binding protein 2; May play a role in translational regulation of stored mRNAs in transcriptionally inactive haploid spermatids. Binds to poly(U) RNA oligomers (By similarity). Required for cell cycle progression, specifically for the transition from metaphase to anaphase; Belongs to the RRM CPEB family
95	DUSP5	9606.ENSP00000358596	DUSP5	Dual specificity protein phosphatase 5; Dual specificity protein phosphatase; active with phosphotyrosine, phosphoserine and phosphothreonine residues. The highest relative activity is toward ERK1; MAP kinase phosphatases
96	RGS3	9606.ENSP00000363255	RGS3	Regulator of G-protein signaling 3; Down-regulates signaling from heterotrimeric G-proteins by increasing the GTPase activity of the alpha subunits, thereby driving them into their inactive GDP-bound form. Down-regulates G- protein-mediated release of inositol phosphates and activation of MAP kinases; C2 domain containing
97	MAN2C1	9606.ENSP00000457788	MAN2C1	Alpha-mannosidase 2C1; Cleaves alpha 1,2-, alpha 1,3-, and alpha 1,6-linked mannose residues from glycoproteins. Involved in the degradation of free oligosaccharides in the cytoplasm; Belongs to the glycosyl hydrolase 38 family
98	ZCCHC2	9606.ENSP00000269499	ZCCHC2	Zinc finger cchc domain-containing protein 2; Zinc finger CCHC-type containing 2
99	ZNF687	9606.ENSP00000319829	ZNF687	Zinc finger protein 687; May be involved in transcriptional regulation
100	DYRK3	9606.ENSP00000356076	DYRK3	Dual specificity tyrosine-phosphorylation-regulated kinase 3; Dual-specificity kinase which possesses both serine/threonine and tyrosine kinase activities. Negative regulator of EPO-dependent erythropoiesis, may place an upper limit on red cell production during stress erythropoiesis. Inhibits cell death due to cytokine withdrawal in hematopoietic progenitor cells. May act by regulating CREB/CRE signaling (By similarity). Stabilizes and prevents stress granule disassembly thereby regulating mTORC1 signaling during cellular stress. During stressful conditions, DYRK3 partitions to the st [...] 
101	DUSP10	9606.ENSP00000355866	DUSP10	Dual specificity protein phosphatase 10; Protein phosphatase involved in the inactivation of MAP kinases. Has a specificity for the MAPK11/MAPK12/MAPK13/MAPK14 subfamily. It preferably dephosphorylates p38
102	TP53BP2	9606.ENSP00000341957	TP53BP2	Apoptosis-stimulating of p53 protein 2; Regulator that plays a central role in regulation of apoptosis and cell growth via its interactions. Regulates TP53 by enhancing the DNA binding and transactivation function of TP53 on the promoters of proapoptotic genes in vivo. Inhibits the ability of APPBP1 to conjugate NEDD8 to CUL1, and thereby decreases APPBP1 ability to induce apoptosis. Impedes cell cycle progression at G2/M. Its apoptosis-stimulating activity is inhibited by its interaction with DDX42; Belongs to the ASPP family
103	SNAP47	9606.ENSP00000314157	SNAP47	Synaptosomal-associated protein 47; Plays a role in intracellular membrane fusion
104	ETAA1	9606.ENSP00000272342	ETAA1	Ewing's tumor-associated antigen 1; Replication stress response protein that accumulates at DNA damage sites and promotes replication fork progression and integrity. Recruited to stalled replication forks via interaction with the RPA complex and directly stimulates ATR kinase activity independently of TOPBP1. Probably only regulates a subset of ATR targets
105	TMEM177	9606.ENSP00000402661	TMEM177	Transmembrane protein 177; Plays a role in the early steps of cytochrome c oxidase subunit II (MT-CO2/COX2) maturation and is required for the stabilization of COX20 and the newly synthesized MT-CO2/COX2 protein
106	AMMECR1L	9606.ENSP00000272647	AMMECR1L	AMMECR1-like protein; AMMECR1 like
107	EAF1	9606.ENSP00000380054	EAF1	ELL-associated factor 1; Acts as a transcriptional transactivator of ELL and ELL2 elongation activities; Belongs to the EAF family
108	CSRNP1	9606.ENSP00000273153	CSRNP1	Cysteine/serine-rich nuclear protein 1; Binds to the consensus sequence 5'-AGAGTG-3' and has transcriptional activator activity (By similarity). May have a tumor-suppressor function. May play a role in apoptosis; Belongs to the AXUD1 family
109	SLC26A1	9606.ENSP00000354721	SLC26A1	Sulfate anion transporter 1; Mediates sulfate transport with high affinity. Mediates oxalate transport. Mediates bicarbonate transport (By similarity). Does not accept succinate as cosubstrate (By similarity); Solute carriers
110	TIAM2	9606.ENSP00000437188	TIAM2	T-lymphoma invasion and metastasis-inducing protein 2; Modulates the activity of RHO-like proteins and connects extracellular signals to cytoskeletal activities. Acts as a GDP- dissociation stimulator protein that stimulates the GDP-GTP exchange activity of RHO-like GTPases and activates them. Mediates extracellular laminin signals to activate Rac1, contributing to neurite growth. Involved in lamellipodial formation and advancement of the growth cone of embryonic hippocampal neurons. Promotes migration of neurons in the cerebral cortex. When overexpressed, induces membrane ruffling acc [...] 
111	SLC25A25	9606.ENSP00000362159	SLC25A25	Solute carrier family 25 (mitochondrial phosphate transporter), member 23/24/25/41; Calcium-binding mitochondrial carrier protein SCaMC-2; Calcium-dependent mitochondrial solute carrier. Mitochondrial solute carriers shuttle metabolites, nucleotides, and cofactors through the mitochondrial inner membrane. May act as a ATP-Mg/Pi exchanger that mediates the transport of Mg-ATP in exchange for phosphate, catalyzing the net uptake or efflux of adenine nucleotides into or from the mitochondria
112	ZNF214	9606.ENSP00000278314	ZNF214	Zinc finger protein 214; May be involved in transcriptional regulation; Zinc fingers C2H2-type
113	ZC3H12C	9606.ENSP00000278590	ZC3H12C	Zinc finger ccch-type containing 12c; Probable ribonuclease ZC3H12C; May function as RNase and regulate the levels of target RNA species; Belongs to the ZC3H12 family
114	CACNA1C	9606.ENSP00000266376	CACNA1C	Voltage-dependent L-type calcium channel subunit alpha-1C; Voltage-sensitive calcium channels (VSCC) mediate the entry of calcium ions into excitable cells and are also involved in a variety of calcium-dependent processes, including muscle contraction, hormone or neurotransmitter release, gene expression, cell motility, cell division and cell death. The isoform alpha-1C gives rise to L-type calcium currents. Long-lasting (L-type) calcium channels belong to the 'high-voltage activated' (HVA) group. They are blocked by dihydropyridines (DHP), phenylalkylamines, benzothiazepines, and by o [...] 
115	PLEKHH2	9606.ENSP00000282406	PLEKHH2	Pleckstrin homology domain-containing family H member 2; In the kidney glomerulus may play a role in linking podocyte foot processes to the glomerular basement membrane. May be involved in stabilization of F-actin by attenuating its depolymerization. Can recruit TGFB1I1 from focal adhesions to podocyte lamellipodia; FERM domain containing
116	DGKE	9606.ENSP00000284061	DGKE	Diacylglycerol kinase epsilon; Highly selective for arachidonate-containing species of diacylglycerol (DAG). May terminate signals transmitted through arachidonoyl-DAG or may contribute to the synthesis of phospholipids with defined fatty acid composition
117	KLF10	9606.ENSP00000285407	KLF10	Krueppel-like factor 10; Transcriptional repressor which binds to the consensus sequence 5'-GGTGTG-3'. Plays a role in the regulation of the circadian clock; binds to the GC box sequence in the promoter of the core clock component ARTNL/BMAL1 and represses its transcriptional activity. Regulates the circadian expression of genes involved in lipogenesis, gluconeogenesis, and glycolysis in the liver. Represses the expression of PCK2, a rate-limiting step enzyme of gluconeogenesis (By similarity). May play a role in the cell cycle regulation; Belongs to the Sp1 C2H2-type zinc-finger prote [...] 
118	ELMO1	9606.ENSP00000312185	ELMO1	Engulfment and cell motility protein 1; Involved in cytoskeletal rearrangements required for phagocytosis of apoptotic cells and cell motility. Acts in association with DOCK1 and CRK. Was initially proposed to be required in complex with DOCK1 to activate Rac Rho small GTPases. May enhance the guanine nucleotide exchange factor (GEF) activity of DOCK1
119	CPT2	9606.ENSP00000360541	CPT2	Carnitine O-palmitoyltransferase 2, mitochondrial; Carnitine palmitoyltransferase 2
120	ZNF19	9606.ENSP00000288177	ZNF19	Zinc finger protein 19; May be involved in transcriptional regulation; Zinc fingers C2H2-type
121	BRAF	9606.ENSP00000288602	BRAF	B-raf proto-oncogene serine/threonine-protein kinase; Serine/threonine-protein kinase B-raf; Protein kinase involved in the transduction of mitogenic signals from the cell membrane to the nucleus. May play a role in the postsynaptic responses of hippocampal neuron. Phosphorylates MAP2K1, and thereby contributes to the MAP kinase signal transduction pathway
122	AP3S2	9606.ENSP00000338777	AP3S2	AP-3 complex subunit sigma-2; Part of the AP-3 complex, an adaptor-related complex which is not clathrin-associated. The complex is associated with the Golgi region as well as more peripheral structures. It facilitates the budding of vesicles from the Golgi membrane and may be directly involved in trafficking to lysosomes. In concert with the BLOC-1 complex, AP-3 is required to target cargos into vesicles assembled at cell bodies for delivery into neurites and nerve terminals
123	PAFAH2	9606.ENSP00000363400	PAFAH2	Platelet-activating factor acetylhydrolase 2, cytoplasmic; Has a marked selectivity for phospholipids with short acyl chains at the sn-2 position. May share a common physiologic function with the plasma-type enzyme
124	B4GALT5	9606.ENSP00000360776	B4GALT5	Beta-1,4-galactosyltransferase 5; Responsible for the synthesis of complex-type N-linked oligosaccharides in many glycoproteins as well as the carbohydrate moieties of glycolipids; Beta 4-glycosyltransferases
125	IQCC	9606.ENSP00000442291	IQCC	Iq domain-containing protein c; IQ motif containing C
126	ALKBH4	9606.ENSP00000292566	ALKBH4	Alpha-ketoglutarate-dependent dioxygenase alkB homolog 4; Dioxygenase that mediates demethylation of actin monomethylated at 'Lys-84' (K84me1), thereby acting as a regulator of actomyosin-processes. Demethylation of actin K84me1 is required for maintaining actomyosin dynamics supporting normal cleavage furrow ingression during cytokinesis and cell migration. May be involved in transcription regulation; Belongs to the alkB family
127	KLHL21	9606.ENSP00000366886	KLHL21	Kelch-like protein 21; Substrate-specific adapter of a BCR (BTB-CUL3-RBX1) E3 ubiquitin-protein ligase complex required for efficient chromosome alignment and cytokinesis. The BCR(KLHL21) E3 ubiquitin ligase complex regulates localization of the chromosomal passenger complex (CPC) from chromosomes to the spindle midzone in anaphase and mediates the ubiquitination of AURKB. Ubiquitination of AURKB by BCR(KLHL21) E3 ubiquitin ligase complex may not lead to its degradation by the proteasome; BTB domain containing
128	WDCP	9606.ENSP00000295148	C2orf44	WD repeat and coiled-coil-containing protein; Chromosome 2 open reading frame 44
129	AIM2	9606.ENSP00000357112	AIM2	Interferon-inducible protein AIM2; Involved in innate immune response by recognizing cytosolic double-stranded DNA and inducing caspase-1-activating inflammasome formation in macrophages. Upon binding to DNA is thought to undergo oligomerization and to associate with PYCARD initiating the recruitment of caspase-1 precusrsor and processing of interleukin-1 beta and interleukin-18. Detects cytosolic dsDNA of viral and bacterial origin in a non-sequence-specific manner. Can also trigger PYCARD-dependent, caspase-1-independent cell death that involves caspase-8 (By similarity). Tumor suppr [...] 
130	ATXN7	9606.ENSP00000439585	ATXN7	Ataxin-7; Acts as component of the STAGA transcription coactivator-HAT complex. Mediates the interaction of STAGA complex with the CRX and is involved in CRX-dependent gene activation. Necessary for microtubule cytoskeleton stabilization; Ataxins
131	ZC3H12A	9606.ENSP00000362179	ZC3H12A	Endoribonuclease ZC3H12A; Endoribonuclease involved in various biological functions such as cellular inflammatory response and immune homeostasis, glial differentiation of neuroprogenitor cells, cell death of cardiomyocytes, adipogenesis and angiogenesis. Functions as an endoribonuclease involved in mRNA decay. Modulates the inflammatory response by promoting the degradation of a set of translationally active cytokine-induced inflammation- related mRNAs, such as IL6 and IL12B, during the early phase of inflammation. Prevents aberrant T-cell-mediated immune reaction by degradation of mu [...] 
132	PRKCD	9606.ENSP00000378217	PRKCD	Protein kinase C delta type; Calcium-independent, phospholipid- and diacylglycerol (DAG)-dependent serine/threonine-protein kinase that plays contrasting roles in cell death and cell survival by functioning as a pro-apoptotic protein during DNA damage-induced apoptosis, but acting as an anti-apoptotic protein during cytokine receptor- initiated cell death, is involved in tumor suppression as well as survival of several cancers, is required for oxygen radical production by NADPH oxidase and acts as positive or negative regulator in platelet functional responses. Negatively regulates B c [...] 
133	SPRY1	9606.ENSP00000481675	SPRY1	Sprouty rtk signaling antagonist 1; Protein sprouty homolog 1; May function as an antagonist of fibroblast growth factor (FGF) pathways and may negatively modulate respiratory organogenesis
134	ANXA5	9606.ENSP00000296511	ANXA5	Annexin A5; This protein is an anticoagulant protein that acts as an indirect inhibitor of the thromboplastin-specific complex, which is involved in the blood coagulation cascade; Annexins
135	ZNF606	9606.ENSP00000343617	ZNF606	Zinc finger protein 606; May act as a transcriptional repressor; Zinc fingers C2H2-type
136	MIDN	9606.ENSP00000300952	MIDN	Midnolin; Facilitates ubiquitin-independent proteasomal degradation of polycomb protein CBX4. Plays a role in inhibiting the activity of glucokinase GCK and both glucose-induced and basal insulin secretion
137	ZNF701	9606.ENSP00000444339	ZNF701	Zinc finger protein 701; May be involved in transcriptional regulation; Zinc fingers C2H2-type
138	SERTAD3	9606.ENSP00000325414	SERTAD3	SERTA domain-containing protein 3; Strong transcriptional coactivator
139	NFKBID	9606.ENSP00000380109	NFKBID	NF-kappa-B inhibitor delta; May regulate the expression of IL-2, IL-6, and other cytokines through regulation on NF-kappa-B activity. Functions in the regulation of inflammatory responses. May also regulate TCR- induced negative selection of thymocytes (By similarity); Ankyrin repeat domain containing
140	MFSD2A	9606.ENSP00000361895	MFSD2A	Sodium-dependent lysophosphatidylcholine symporter 1; Sodium-dependent lysophosphatidylcholine (LPC) symporter, which plays an essential role for blood-brain barrier formation and function (By similarity). Specifically expressed in endothelium of the blood-brain barrier of micro-vessels and transports LPC into the brain (By similarity). Transport of LPC is essential because it constitutes the major mechanism by which docosahexaenoic acid (DHA), an omega-3 fatty acid that is essential for normal brain growth and cognitive function, enters the brain. Transports LPC carrying long-chain fa [...] 
141	FEM1B	9606.ENSP00000307298	FEM1B	Protein fem-1 homolog B; Component of an E3 ubiquitin-protein ligase complex, in which it may act as a substrate recognition subunit. Involved in apoptosis by acting as a death receptor-associated protein that mediates apoptosis. Also involved in glucose homeostasis in pancreatic islet. Functions as an adapter/mediator in replication stress-induced signaling that leads to the activation of CHEK1; Belongs to the fem-1 family
142	OTUD7A	9606.ENSP00000305926	OTUD7A	OTU domain-containing protein 7A; Has deubiquitinating activity towards 'Lys-11'-linked polyubiquitin chains; Belongs to the peptidase C64 family
143	IFFO2	9606.ENSP00000387941	IFFO2	Intermediate filament family orphan 2; Belongs to the intermediate filament family
144	PWWP2A	9606.ENSP00000305151	PWWP2A	PWWP domain-containing protein 2A; H2A.Z-specific chromatin binding protein which may play an important role in the neural crest stem cell migration and differentiation during early development. Also required for proper mitosis progression; PWWP domain containing
145	CDH2	9606.ENSP00000269141	CDH2	Cadherin-2; Cadherins are calcium-dependent cell adhesion proteins. They preferentially interact with themselves in a homophilic manner in connecting cells; cadherins may thus contribute to the sorting of heterogeneous cell types. Acts as a regulator of neural stem cells quiescence by mediating anchorage of neural stem cells to ependymocytes in the adult subependymal zone: upon cleavage by MMP24, CDH2-mediated anchorage is affected, leading to modulate neural stem cell quiescence. CDH2 may be involved in neuronal recognition mechanism. In hippocampal neurons, may regulate dendritic spi [...] 
146	JUNB	9606.ENSP00000303315	JUNB	Transcription factor jun-B; Transcription factor involved in regulating gene activity following the primary growth factor response. Binds to the DNA sequence 5'-TGA[CG]TCA-3'; Belongs to the bZIP family. Jun subfamily
147	SLC25A33	9606.ENSP00000306328	SLC25A33	Solute carrier family 25 member 33; Mitochondrial transporter that imports/exports pyrimidine nucleotides into and from mitochondria. Transports preferentially uracil, thymine, and cytosine (deoxy)nucleoside di- and triphosphates by an antiport mechanism. Also transports guanine but not adenine (deoxy)nucleotides. Is inhibited strongly by pyridoxal 5'-phosphate, 4,7-diphenyl-1,10- phenanthroline, tannic acid, and mercurials (mercury dichloride, mersalyl acid, p-hydroxymercuribenzoate). Participates in mitochondrial genome maintenance, regulation of mitochondrial membrane potential and  [...] 
148	NHLH1	9606.ENSP00000302189	NHLH1	Helix-loop-helix protein 1; May serve as DNA-binding protein and may be involved in the control of cell-type determination, possibly within the developing nervous system; Basic helix-loop-helix proteins
149	SLFN12	9606.ENSP00000378063	SLFN12	Schlafen family member 12; Belongs to the Schlafen family
150	MALT1	9606.ENSP00000319279	MALT1	Mucosa-associated lymphoid tissue lymphoma translocation protein 1; Enhances BCL10-induced activation of NF-kappa-B. Involved in nuclear export of BCL10. Binds to TRAF6, inducing TRAF6 oligomerization and activation of its ligase activity. Has ubiquitin ligase activity. MALT1-dependent BCL10 cleavage plays an important role in T-cell antigen receptor-induced integrin adhesion; Belongs to the peptidase C14B family
151	CEBPB	9606.ENSP00000305422	CEBPB	CCAAT/enhancer-binding protein beta; Important transcription factor regulating the expression of genes involved in immune and inflammatory responses. Plays also a significant role in adipogenesis, as well as in the gluconeogenic pathway, liver regeneration, and hematopoiesis. The consensus recognition site is 5'- T[TG]NNGNAA[TG]-3'. Its functional capacity is governed by protein interactions and post-translational protein modifications. During early embryogenesis, plays essential and redundant functions with CEBPA. Has a promitotic effect on many cell types such as hepatocytes and adip [...] 
152	RND1	9606.ENSP00000308461	RND1	Rho-related GTP-binding protein Rho6; Lacks intrinsic GTPase activity. Has a low affinity for GDP, and constitutively binds GTP. Controls rearrangements of the actin cytoskeleton. Induces the Rac-dependent neuritic process formation in part by disruption of the cortical actin filaments. Causes the formation of many neuritic processes from the cell body with disruption of the cortical actin filaments; Rho family GTPases
153	ZBTB21	9606.ENSP00000308759	ZBTB21	Zinc finger and BTB domain-containing protein 21; Acts as a transcription repressor; BTB domain containing
154	TRIB1	9606.ENSP00000312150	TRIB1	Tribbles homolog 1; Adapter protein involved in protein degradation by interacting with RFWD2/COP1 ubiquitin ligase. The RFWD2-binding motif is masked by autoinhibitory interactions with the protein kinase domain. Serves to alter RFWD2 substrate specificity by directing the activity of RFWD2 toward CEBPA. Binds selectively the recognition sequence of CEBPA. Regulates myeloid cell differentiation by altering the expression of CEBPA in a RFWD2- dependent manner (By similarity). Controls macrophage, eosinophil and neutrophil differentiation via the COP1-binding domain (By similarity). Int [...] 
155	PLK3	9606.ENSP00000361275	PLK3	Serine/threonine-protein kinase PLK3; Serine/threonine-protein kinase involved in cell cycle regulation, response to stress and Golgi disassembly. Polo-like kinases act by binding and phosphorylating proteins are that already phosphorylated on a specific motif recognized by the POLO box domains. Phosphorylates ATF2, BCL2L1, CDC25A, CDC25C, CHEK2, HIF1A, JUN, p53/TP53, p73/TP73, PTEN, TOP2A and VRK1. Involved in cell cycle regulation: required for entry into S phase and cytokinesis. Phosphorylates BCL2L1, leading to regulate the G2 checkpoint and progression to cytokinesis during mitosi [...] 
156	KLHL15	9606.ENSP00000332791	KLHL15	Kelch-like protein 15; Substrate-specific adapter for CUL3 E3 ubiquitin-protein ligase complex. Acts as an adapter for CUL3 to target the serine/threonine-protein phosphatase 2A (PP2A) subunit PPP2R5B for ubiquitination and subsequent proteasomal degradation, thus promoting exchange with other regulatory subunits. Acts as an adapter for CUL3 to target the DNA- end resection factor RBBP8/CtIP for ubiquitination and subsequent proteasomal degradation. Through the regulation of RBBP8/CtIP protein turnover, plays a key role in DNA damage response, favoring DNA double-strand repair through  [...] 
157	DDIT3	9606.ENSP00000448665	DDIT3	DNA damage-inducible transcript 3 protein; Multifunctional transcription factor in ER stress response. Plays an essential role in the response to a wide variety of cell stresses and induces cell cycle arrest and apoptosis in response to ER stress. Plays a dual role both as an inhibitor of CCAAT/enhancer-binding protein (C/EBP) function and as an activator of other genes. Acts as a dominant-negative regulator of C/EBP-induced transcription: dimerizes with members of the C/EBP family, impairs their association with C/EBP binding sites in the promoter regions, and inhibits the expression  [...] 
158	GAL3ST3	9606.ENSP00000308591	GAL3ST3	Galactose-3-O-sulfotransferase 3; Transfers a sulfate to position 3 of non-reducing beta- galactosyl residues in N-glycans and core2-branched O-glycans. Has high activity towards Gal-beta-1,4-GlcNAc, Gal-beta-1,4(Fuc-alpha- 1,3)GlcNAc and lower activity towards Gal-beta-1,3(Fuc-alpha- 1,4)GlcNAc; Belongs to the galactose-3-O-sulfotransferase family
159	CLCF1	9606.ENSP00000309338	CLCF1	Cardiotrophin-like cytokine factor 1; Cytokine with B-cell stimulating capability. Binds to and activates the ILST/gp130 receptor; Interleukin 6 type cytokine family
160	LIPT2	9606.ENSP00000309463	LIPT2	Putative lipoyltransferase 2, mitochondrial; Catalyzes the transfer of endogenously produced octanoic acid from octanoyl-acyl-carrier-protein onto the lipoyl domains of lipoate-dependent enzymes, which catalyze essential redox reactions. Lipoyl-ACP can also act as a substrate although octanoyl-ACP is likely to be the physiological substrate (By similarity); Belongs to the LipB family
161	FOSL1	9606.ENSP00000310170	FOSL1	Fos-related antigen 1; FOS like 1, AP-1 transcription factor subunit; Belongs to the bZIP family. Fos subfamily
162	TMEM39A	9606.ENSP00000326063	TMEM39A	Transmembrane protein 39A; Belongs to the TMEM39 family
163	CCDC71	9606.ENSP00000319006	CCDC71	Coiled-coil domain-containing protein 71; Coiled-coil domain containing 71
164	HIC1	9606.ENSP00000314080	HIC1	Hypermethylated in cancer 1 protein; Transcriptional repressor. Recognizes and binds to the consensus sequence '5-[CG]NG[CG]GGGCA[CA]CC-3'. May act as a tumor suppressor. May be involved in development of head, face, limbs and ventral body wall. Involved in down-regulation of SIRT1 and thereby is involved in regulation of p53/TP53-dependent apoptotic DNA-damage responses. The specific target gene promoter association seems to be depend on corepressors, such as CTBP1 or CTBP2 and MTA1. The regulation of SIRT1 transcription in response to nutrient deprivation seems to involve CTBP1. In c [...] 
165	TGIF1	9606.ENSP00000327959	TGIF1	Homeobox protein TGIF1; Binds to a retinoid X receptor (RXR) responsive element from the cellular retinol-binding protein II promoter (CRBPII- RXRE). Inhibits the 9-cis-retinoic acid-dependent RXR alpha transcription activation of the retinoic acid responsive element. Active transcriptional corepressor of SMAD2. Links the nodal signaling pathway to the bifurcation of the forebrain and the establishment of ventral midline structures. May participate in the transmission of nuclear signals during development and in the adult, as illustrated by the down-modulation of the RXR alpha activiti [...] 
166	ZNF620	9606.ENSP00000322265	ZNF620	Zinc finger protein 620; May be involved in transcriptional regulation; Zinc fingers C2H2-type
167	TSSK6	9606.ENSP00000466477	TSSK6	Testis-specific serine/threonine-protein kinase 6; Required for sperm production and function. Plays a role in DNA condensation during postmeiotic chromatin remodeling (By similarity)
168	PER1	9606.ENSP00000314420	PER1	Period circadian protein homolog 1; Transcriptional repressor which forms a core component of the circadian clock. The circadian clock, an internal time- keeping system, regulates various physiological processes through the generation of approximately 24 hour circadian rhythms in gene expression, which are translated into rhythms in metabolism and behavior. It is derived from the Latin roots 'circa' (about) and 'diem' (day) and acts as an important regulator of a wide array of physiological functions including metabolism, sleep, body temperature, blood pressure, endocrine, immune, card [...] 
170	EGR3	9606.ENSP00000318057	EGR3	Early growth response protein 3; Probable transcription factor involved in muscle spindle development; Belongs to the EGR C2H2-type zinc-finger protein family
171	SERTAD2	9606.ENSP00000326933	SERTAD2	SERTA domain-containing protein 2; Acts at E2F-responsive promoters as coregulator to integrate signals provided by PHD- and/or bromodomain-containing transcription factors. May act as coactivator as well as corepressor of E2F1-TFDP1 and E2F4-TFDP1 complexes on E2F consensus binding sites, which would activate or inhibit E2F- target genes expression. Modulates fat storage by down-regulating the expression of key genes involved in adipocyte lipolysis, thermogenesis and oxidative metabolism
172	NKPD1	9606.ENSP00000321976	NKPD1	Ntpase kap family p-loop domain-containing protein 1; NTPase KAP family P-loop domain containing 1
175	HARBI1	9606.ENSP00000317743	HARBI1	Putative nuclease HARBI1; Transposase-derived protein that may have nuclease activity (Potential). Does not have transposase activity; DNA transposon derived genes
176	ZFP41	9606.ENSP00000327427	ZFP41	ZFP41 zinc finger protein; A putative DNA-binding regulatory protein associated with meiosis in spermatogenesis; Zinc fingers C2H2-type
177	C16orf72	9606.ENSP00000331720	C16orf72	UPF0472 protein C16orf72; Chromosome 16 open reading frame 72
178	FANCF	9606.ENSP00000330875	FANCF	Fanconi anemia group F protein; DNA repair protein that may operate in a postreplication repair or a cell cycle checkpoint function. May be implicated in interstrand DNA cross-link repair and in the maintenance of normal chromosome stability (By similarity); Fanconi anemia complementation groups
179	BCOR	9606.ENSP00000367705	BCOR	BCL-6 corepressor; Transcriptional corepressor. May specifically inhibit gene expression when recruited to promoter regions by sequence- specific DNA-binding proteins such as BCL6 and MLLT3. This repression may be mediated at least in part by histone deacetylase activities which can associate with this corepressor. Involved in the repression of TFAP2A; impairs binding of BCL6 and KDM2B to TFAP2A promoter regions. Via repression of TFAP2A acts as a negative regulator of osteo-dentiogenic capacity in adult stem cells; the function implies inhibition of methylation on histone H3 'Lys-4' ( [...] 
181	SS18L1	9606.ENSP00000333012	SS18L1	SS18L1 subunit of BAF chromatin remodeling complex; Calcium-responsive transactivator; Transcriptional activator which is required for calcium- dependent dendritic growth and branching in cortical neurons. Recruits CREB-binding protein (CREBBP) to nuclear bodies. Component of the CREST-BRG1 complex, a multiprotein complex that regulates promoter activation by orchestrating a calcium-dependent release of a repressor complex and a recruitment of an activator complex. In resting neurons, transcription of the c-FOS promoter is inhibited by BRG1-dependent recruitment of a phospho-RB1-HDAC1  [...] 
182	TMEM186	9606.ENSP00000331640	TMEM186	Transmembrane protein 186
183	MAFF	9606.ENSP00000345393	MAFF	Transcription factor MafF; Interacts with the upstream promoter region of the oxytocin receptor gene. May be a transcriptional enhancer in the up-regulation of the oxytocin receptor gene at parturition. Since it lacks a putative transactivation domain, it may behave as a transcriptional repressor when it dimerize among himself. May also serve as a transcriptional activator by dimerizing with other (usually larger) basic-zipper proteins and recruiting them to specific DNA-binding sites. May be involved in the cellular stress response; Belongs to the bZIP family. Maf subfamily
184	CYP2R1	9606.ENSP00000334592	CYP2R1	Vitamin D 25-hydroxylase; Has a D-25-hydroxylase activity on both forms of vitamin D, vitamin D(2) and D(3); Cytochrome P450 family 2
185	INSIG1	9606.ENSP00000344741	INSIG1	Insulin-induced gene 1 protein; Mediates feedback control of cholesterol synthesis by controlling SCAP and HMGCR. Functions by blocking the processing of sterol regulatory element-binding proteins (SREBPs). Capable of retaining the SCAP-SREBF2 complex in the ER thus preventing it from escorting SREBPs to the Golgi. Initiates the sterol-mediated ubiquitin-mediated endoplasmic reticulum-associated degradation (ERAD) of HMGCR via recruitment of the reductase to the ubiquitin ligase, AMFR/gp78. May play a role in growth and differentiation of tissues involved in metabolic control. May play [...] 
187	SPRY4	9606.ENSP00000344967	SPRY4	Sprouty rtk signaling antagonist 4; Protein sprouty homolog 4; Suppresses the insulin receptor and EGFR-transduced MAPK signaling pathway, but does not inhibit MAPK activation by a constitutively active mutant Ras. Probably impairs the formation of GTP-Ras. Inhibits Ras-independent, but not Ras-dependent, activation of RAF1
188	DCUN1D3	9606.ENSP00000319482	DCUN1D3	Defective in cullin neddylation 1 domain containing 3; DCN1-like protein 3; Antagonizes DCUN1D1-mediated CUL1 neddylation by sequestering CUL1 at the cell membrane. When overexpressed in transformed cells, may promote mesenchymal to epithelial-like changes and inhibit colony formation in soft agar
189	IER5L	9606.ENSP00000361569	IER5L	Immediate early response gene 5-like protein; Immediate early response 5 like
190	ZNF563	9606.ENSP00000293725	ZNF563	Zinc finger protein 563; May be involved in transcriptional regulation; Zinc fingers C2H2-type
191	GREB1	9606.ENSP00000370896	GREB1	Growth regulation by estrogen in breast cancer 1; Protein GREB1; May play a role in estrogen-stimulated cell proliferation. Acts as a regulator of hormone-dependent cancer growth in breast and prostate cancers
192	ASB13	9606.ENSP00000350331	ASB13	Ankyrin repeat and SOCS box protein 13; May be a substrate-recognition component of a SCF-like ECS (Elongin-Cullin-SOCS-box protein) E3 ubiquitin-protein ligase complex which mediates the ubiquitination and subsequent proteasomal degradation of target proteins; Ankyrin repeat domain containing
193	HRH1	9606.ENSP00000380247	HRH1	Histamine H1 receptor; In peripheral tissues, the H1 subclass of histamine receptors mediates the contraction of smooth muscles, increase in capillary permeability due to contraction of terminal venules, and catecholamine release from adrenal medulla, as well as mediating neurotransmission in the central nervous system
194	ZKSCAN5	9606.ENSP00000377725	ZKSCAN5	Zinc finger protein with KRAB and SCAN domains 5; May be involved in transcriptional regulation; SCAN domain containing
195	TTC30B	9606.ENSP00000386181	TTC30B	Tetratricopeptide repeat protein 30B; Required for polyglutamylation of axonemal tubulin. Plays a role in anterograde intraflagellar transport (IFT), the process by which cilia precursors are transported from the base of the cilium to the site of their incorporation at the tip
196	ZFP62	9606.ENSP00000423820	ZFP62	Zinc finger protein 62 homolog; May play a role in differentiating skeletal muscle; Zinc fingers C2H2-type
197	ZNF418	9606.ENSP00000379451	ZNF418	Zinc finger protein 418; Transcriptional repressor; Zinc fingers C2H2-type
198	MAFG	9606.ENSP00000350369	MAFG	Transcription factor MafG; Since they lack a putative transactivation domain, the small Mafs behave as transcriptional repressors when they dimerize among themselves. However, they seem to serve as transcriptional activators by dimerizing with other (usually larger) basic-zipper proteins and recruiting them to specific DNA-binding sites. Small Maf proteins heterodimerize with Fos and may act as competitive repressors of the NF-E2 transcription factor. Transcription factor, component of erythroid-specific transcription factor NF- E2. Activates globin gene expression when associated with [...] 
199	TTC30A	9606.ENSP00000347915	TTC30A	Tetratricopeptide repeat protein 30A; Required for polyglutamylation of axonemal tubulin. Plays a role in anterograde intraflagellar transport (IFT), the process by which cilia precursors are transported from the base of the cilium to the site of their incorporation at the tip
200	NMB	9606.ENSP00000378089	NMB	Neuromedin-B; Stimulates smooth muscle contraction in a manner similar to that of bombesin; Belongs to the bombesin/neuromedin-B/ranatensin family
201	TAF13	9606.ENSP00000355051	TAF13	Transcription initiation factor TFIID subunit 13; Component of the DNA-binding general RNA polymerase II transcription factor IID complex (TFIID). TFIID plays a critical role in the regulation of gene transcription in eukaryotic cells; Belongs to the TAF13 family
202	FAM49A	9606.ENSP00000370724	FAM49A	Protein FAM49A; Family with sequence similarity 49 member A; Belongs to the FAM49 family
203	ZNF442	9606.ENSP00000242804	ZNF442	Zinc finger protein 442; May be involved in transcriptional regulation; Zinc fingers C2H2-type
204	ARC	9606.ENSP00000349022	ARC	Activity-regulated cytoskeleton-associated protein; Required for consolidation of synaptic plasticity as well as formation of long-term memory. Regulates endocytosis of AMPA receptors in response to synaptic activity. Required for homeostatic synaptic scaling of AMPA receptors (By similarity). Plays a role in the regulation of cell morphology and cytoskeletal organization. Required in the stress fiber dynamics and cell migration; Gag like LTR retrotransposon derived genes
206	ZNF616	9606.ENSP00000471000	ZNF616	Zinc finger protein 616; May be involved in transcriptional regulation; Zinc fingers C2H2-type
207	ZNF425	9606.ENSP00000367300	ZNF425	Zinc finger protein 425; Acts as a transcriptional repressor; Zinc fingers C2H2-type
208	SYT3	9606.ENSP00000340914	SYT3	Synaptotagmin-3; Ca(2+) sensor involved in Ca(2+)-dependent exocytosis of secretory vesicles through Ca(2+) and phospholipid binding to the C2 domain. Ca(2+) induces binding of the C2-domains to phospholipid membranes and to assembled SNARE-complexes; both actions contribute to triggering exocytosis (By similarity). Plays a role in dendrite formation by melanocytes; Synaptotagmins
209	RBMXL1	9606.ENSP00000446099	RBMXL1	RNA binding motif protein, X-linked-like-1; RNA-binding protein which may be involved in pre-mRNA splicing
210	HOMEZ	9606.ENSP00000350049	HOMEZ	Homeobox and leucine zipper protein Homez; May function as a transcriptional regulator; ZF class homeoboxes and pseudogenes
212	C3orf36	9606.ENSP00000386219	C3orf36	Uncharacterized protein C3orf36; Chromosome 3 open reading frame 36
220	ZNF879	9606.ENSP00000414887	ZNF879	Zinc finger protein 879; May be involved in transcriptional regulation; Zinc fingers C2H2-type
226	PSG4	9606.ENSP00000384770	PSG4	Pregnancy specific beta-1-glycoprotein 4
227	ZNF564	9606.ENSP00000340004	ZNF564	Zinc finger protein 564; May be involved in transcriptional regulation; Zinc fingers C2H2-type
229	ZNF225	9606.ENSP00000262894	ZNF225	Zinc finger protein 225; May be involved in transcriptional regulation; Zinc fingers C2H2-type
231	ZNF253	9606.ENSP00000468720	ZNF253	Zinc finger protein 253; May function as a transcription factor. Seem to have a transcriptional repression activity; Belongs to the krueppel C2H2-type zinc-finger protein family
250	ADRA2B	9606.ENSP00000480573	ADRA2B	Alpha-2B adrenergic receptor; Alpha-2 adrenergic receptors mediate the catecholamine- induced inhibition of adenylate cyclase through the action of G proteins. The rank order of potency for agonists of this receptor is clonidine > norepinephrine > epinephrine = oxymetazoline > dopamine > p-tyramine = phenylephrine > serotonin > p-synephrine / p-octopamine. For antagonists, the rank order is yohimbine > chlorpromazine > phentolamine > mianserine > spiperone > prazosin > alprenolol > propanolol > pindolol; Belongs to the G-protein coupled receptor 1 family. Adrenergic receptor subfamily. [...] 
251	ZNF658	9606.ENSP00000482540	ZNF658	Zinc finger protein 658; Mediates transcriptional repression in response to zinc. Represses several genes, including SLC30A5, SLC30A10 and CBWD1, by binding to the zinc transcriptional regulatory element (ZTRE) (5'- C[AC]C[TAG]CC[TC]-N(0-50)-[GA]G[ATC]G[TG]G-3') found in the promoter region. May play a role in the control of ribosome biogenesis, regulating predominantly rRNA levels, as well as those of several ribosomal proteins, thus coordinating this highly zinc- demanding process with the available zinc supply; Zinc fingers C2H2-type
254	MRM1	9606.ENSP00000481559	MRM1	21S rRNA (GM2251-2'-O)-methyltransferase; rRNA methyltransferase 1, mitochondrial; S-adenosyl-L-methionine-dependent 2'-O-ribose methyltransferase that catalyzes the formation of 2'-O- methylguanosine at position 1145 (Gm1145) in the 16S mitochondrial large subunit ribosomal RNA (mtLSU rRNA), a universally conserved modification in the peptidyl transferase domain of the mtLSU rRNA
